Labels,75,
Type,Emission Scan,
Comment,,
Start,600.00,
Stop,1300.00,
Step,1.00,
Fixed/Offset,455.00,
Xaxis,Wavelength,
Yaxis,Counts,
Scan Corr. by File,True,
Corr. by Ref. Det.,True,
Fixed/Offset Corr. by File,False,
Repeats,1,
Dwell Time,0.10,
Lamp,Xenon,
Temp,0.00,
Scan Polariser,None,
Scan Slit,3.30,
Fixed/Offset Polariser,None,
Fixed/Offset Slit,3.30,
Detector,Det2,

600.00,5.96907806E+1,
601.00,4.99020020E+2,
602.00,-2.46015442E+2,
603.00,-3.51451988E+1,
604.00,2.04170914E+2,
605.00,4.29323975E+2,
606.00,1.00595421E+2,
607.00,3.73725014E+1,
608.00,4.26291138E+2,
609.00,6.17197815E+2,
610.00,-6.88129044E+1,
611.00,-1.03320518E+2,
612.00,1.05572723E+2,
613.00,4.10426758E+2,
614.00,1.83580963E+2,
615.00,2.95358307E+2,
616.00,8.12568176E+2,
617.00,1.82616348E+2,
618.00,-1.43906145E+1,
619.00,2.92006989E+2,
620.00,2.31430756E+2,
621.00,7.95886841E+1,
622.00,-1.33863815E+2,
623.00,2.89851227E+2,
624.00,4.80026459E+2,
625.00,1.07760139E+2,
626.00,8.39385147E+1,
627.00,-2.22177849E+1,
628.00,1.24163723E+1,
629.00,2.10909939E+1,
630.00,-2.70000061E+2,
631.00,4.87370941E+2,
632.00,3.82618073E+2,
633.00,4.21963135E+2,
634.00,2.06888870E+2,
635.00,4.85027863E+2,
636.00,3.04389526E+2,
637.00,1.18107750E+2,
638.00,4.98074646E+2,
639.00,1.21077263E+2,
640.00,2.13492981E+2,
641.00,4.38125153E+1,
642.00,4.77697418E+2,
643.00,1.61189137E+1,
644.00,4.21315247E+2,
645.00,4.74583099E+2,
646.00,2.77986389E+2,
647.00,2.98456146E+2,
648.00,2.73746887E+2,
649.00,4.40890472E+2,
650.00,4.14318207E+2,
651.00,2.18785797E+2,
652.00,3.18477356E+2,
653.00,3.95775299E+2,
654.00,3.18917267E+2,
655.00,1.19237816E+2,
656.00,4.15031555E+2,
657.00,4.86597290E+2,
658.00,5.21314331E+2,
659.00,3.98011963E+2,
660.00,3.71900970E+2,
661.00,3.63527588E+2,
662.00,3.01982849E+2,
663.00,2.47554123E+2,
664.00,4.82701599E+2,
665.00,8.32516235E+2,
666.00,4.98105377E+2,
667.00,5.22357910E+2,
668.00,6.77524475E+2,
669.00,8.13541992E+2,
670.00,2.79507965E+2,
671.00,6.72064270E+2,
672.00,5.67479797E+2,
673.00,6.69921997E+2,
674.00,9.14393677E+2,
675.00,1.06031982E+3,
676.00,1.03300330E+3,
677.00,1.09413477E+3,
678.00,1.22024951E+3,
679.00,1.25632813E+3,
680.00,1.35560413E+3,
681.00,1.25012109E+3,
682.00,1.30373071E+3,
683.00,1.68193518E+3,
684.00,1.49981201E+3,
685.00,1.84795532E+3,
686.00,1.54061340E+3,
687.00,1.82364856E+3,
688.00,1.75556165E+3,
689.00,2.38014404E+3,
690.00,2.23042578E+3,
691.00,2.33072266E+3,
692.00,2.11194580E+3,
693.00,2.92319897E+3,
694.00,2.79435425E+3,
695.00,3.03088013E+3,
696.00,3.15269165E+3,
697.00,3.59343896E+3,
698.00,3.62273218E+3,
699.00,4.47779639E+3,
700.00,4.75713965E+3,
701.00,4.71002930E+3,
702.00,5.11277539E+3,
703.00,5.64335742E+3,
704.00,5.92461035E+3,
705.00,5.59756055E+3,
706.00,6.49368408E+3,
707.00,6.33922119E+3,
708.00,6.91797217E+3,
709.00,7.45512646E+3,
710.00,6.97751367E+3,
711.00,7.93178271E+3,
712.00,8.27670117E+3,
713.00,8.57577539E+3,
714.00,9.25611816E+3,
715.00,9.51216113E+3,
716.00,1.04693711E+4,
717.00,1.07118818E+4,
718.00,1.07490879E+4,
719.00,1.12341338E+4,
720.00,1.13726475E+4,
721.00,1.21796025E+4,
722.00,1.29753486E+4,
723.00,1.28438125E+4,
724.00,1.39404785E+4,
725.00,1.46127373E+4,
726.00,1.49214473E+4,
727.00,1.58787070E+4,
728.00,1.56282568E+4,
729.00,1.65926484E+4,
730.00,1.79059082E+4,
731.00,1.86876133E+4,
732.00,1.91564980E+4,
733.00,1.91300098E+4,
734.00,2.03924199E+4,
735.00,2.12509805E+4,
736.00,2.18308750E+4,
737.00,2.22207383E+4,
738.00,2.33110781E+4,
739.00,2.42952930E+4,
740.00,2.48553184E+4,
741.00,2.54081719E+4,
742.00,2.66889961E+4,
743.00,2.78658281E+4,
744.00,2.85964453E+4,
745.00,2.92778262E+4,
746.00,3.08163242E+4,
747.00,3.22702734E+4,
748.00,3.17168496E+4,
749.00,3.30650977E+4,
750.00,3.47160977E+4,
751.00,3.61366523E+4,
752.00,3.57878242E+4,
753.00,3.77195508E+4,
754.00,3.78389492E+4,
755.00,3.98218828E+4,
756.00,3.98962578E+4,
757.00,4.15800469E+4,
758.00,4.25586016E+4,
759.00,4.43780625E+4,
760.00,4.58393203E+4,
761.00,4.66993359E+4,
762.00,4.80945039E+4,
763.00,4.80757539E+4,
764.00,5.00155430E+4,
765.00,5.12168984E+4,
766.00,5.36418359E+4,
767.00,5.42354219E+4,
768.00,5.57217539E+4,
769.00,5.73624180E+4,
770.00,5.89629727E+4,
771.00,5.97786055E+4,
772.00,6.09528906E+4,
773.00,6.27158555E+4,
774.00,6.40647695E+4,
775.00,6.52422617E+4,
776.00,6.62294688E+4,
777.00,6.80147031E+4,
778.00,6.91640703E+4,
779.00,7.09219297E+4,
780.00,7.19402734E+4,
781.00,7.39208672E+4,
782.00,7.56900000E+4,
783.00,7.63441250E+4,
784.00,7.84028516E+4,
785.00,7.91373906E+4,
786.00,7.97900078E+4,
787.00,8.16333672E+4,
788.00,8.33078516E+4,
789.00,8.37331250E+4,
790.00,8.58171719E+4,
791.00,8.68757500E+4,
792.00,8.86727656E+4,
793.00,8.96202188E+4,
794.00,9.14747344E+4,
795.00,9.26265781E+4,
796.00,9.31957891E+4,
797.00,9.58187500E+4,
798.00,9.70466641E+4,
799.00,9.79758281E+4,
800.00,9.98183438E+4,
801.00,1.01605086E+5,
802.00,1.00757414E+5,
803.00,1.01974594E+5,
804.00,1.03936273E+5,
805.00,1.04957969E+5,
806.00,1.04881320E+5,
807.00,1.05479227E+5,
808.00,1.07997859E+5,
809.00,1.09253445E+5,
810.00,1.09655805E+5,
811.00,1.11013516E+5,
812.00,1.13053906E+5,
813.00,1.15163102E+5,
814.00,1.15214719E+5,
815.00,1.16090164E+5,
816.00,1.15780422E+5,
817.00,1.16228258E+5,
818.00,1.17265594E+5,
819.00,1.18591508E+5,
820.00,1.19515945E+5,
821.00,1.19158688E+5,
822.00,1.20877344E+5,
823.00,1.20971508E+5,
824.00,1.21377328E+5,
825.00,1.22759930E+5,
826.00,1.22354820E+5,
827.00,1.23509547E+5,
828.00,1.26231313E+5,
829.00,1.25010227E+5,
830.00,1.24994398E+5,
831.00,1.25628617E+5,
832.00,1.26177500E+5,
833.00,1.27296266E+5,
834.00,1.27164625E+5,
835.00,1.27808242E+5,
836.00,1.28063469E+5,
837.00,1.29300164E+5,
838.00,1.28919266E+5,
839.00,1.29817648E+5,
840.00,1.29036406E+5,
841.00,1.29923516E+5,
842.00,1.30420141E+5,
843.00,1.31514156E+5,
844.00,1.30354250E+5,
845.00,1.29783813E+5,
846.00,1.29848875E+5,
847.00,1.29530969E+5,
848.00,1.30308195E+5,
849.00,1.29457000E+5,
850.00,1.29244586E+5,
851.00,1.29347625E+5,
852.00,1.29447172E+5,
853.00,1.30847648E+5,
854.00,1.29829938E+5,
855.00,1.30492164E+5,
856.00,1.29317906E+5,
857.00,1.30350555E+5,
858.00,1.29080094E+5,
859.00,1.28781734E+5,
860.00,1.28763219E+5,
861.00,1.28581227E+5,
862.00,1.27936633E+5,
863.00,1.28394188E+5,
864.00,1.27419063E+5,
865.00,1.28289344E+5,
866.00,1.28203656E+5,
867.00,1.26671492E+5,
868.00,1.25137180E+5,
869.00,1.26102789E+5,
870.00,1.24698273E+5,
871.00,1.25093172E+5,
872.00,1.24086438E+5,
873.00,1.24052211E+5,
874.00,1.23217328E+5,
875.00,1.22523313E+5,
876.00,1.22569289E+5,
877.00,1.21802117E+5,
878.00,1.20813477E+5,
879.00,1.20009234E+5,
880.00,1.19324219E+5,
881.00,1.18205383E+5,
882.00,1.18678070E+5,
883.00,1.17399625E+5,
884.00,1.18204234E+5,
885.00,1.16854109E+5,
886.00,1.16170633E+5,
887.00,1.14613797E+5,
888.00,1.14193977E+5,
889.00,1.13494242E+5,
890.00,1.12756477E+5,
891.00,1.12220875E+5,
892.00,1.11242570E+5,
893.00,1.10515734E+5,
894.00,1.09341734E+5,
895.00,1.09255867E+5,
896.00,1.08928367E+5,
897.00,1.08136609E+5,
898.00,1.08133898E+5,
899.00,1.07451414E+5,
900.00,1.06429445E+5,
901.00,1.05517953E+5,
902.00,1.05095750E+5,
903.00,1.04198094E+5,
904.00,1.03120461E+5,
905.00,1.02502469E+5,
906.00,1.01565539E+5,
907.00,1.00780039E+5,
908.00,1.00434383E+5,
909.00,9.93604219E+4,
910.00,9.88349609E+4,
911.00,9.80315859E+4,
912.00,9.69112031E+4,
913.00,9.61508672E+4,
914.00,9.55789063E+4,
915.00,9.49347578E+4,
916.00,9.49218281E+4,
917.00,9.37348672E+4,
918.00,9.24468984E+4,
919.00,9.16045313E+4,
920.00,9.15272344E+4,
921.00,9.08996875E+4,
922.00,8.88285547E+4,
923.00,8.84321406E+4,
924.00,8.75785703E+4,
925.00,8.70880938E+4,
926.00,8.63879141E+4,
927.00,8.51953281E+4,
928.00,8.46124531E+4,
929.00,8.39362891E+4,
930.00,8.37970703E+4,
931.00,8.13104141E+4,
932.00,8.17067266E+4,
933.00,8.05487969E+4,
934.00,8.03448359E+4,
935.00,8.01013047E+4,
936.00,7.87650781E+4,
937.00,7.79107422E+4,
938.00,7.73482969E+4,
939.00,7.66011953E+4,
940.00,7.54071875E+4,
941.00,7.46136797E+4,
942.00,7.42635859E+4,
943.00,7.33251406E+4,
944.00,7.24584375E+4,
945.00,7.18676328E+4,
946.00,7.17283125E+4,
947.00,7.07707734E+4,
948.00,6.95684609E+4,
949.00,6.91340703E+4,
950.00,6.85762031E+4,
951.00,6.75625469E+4,
952.00,6.71283672E+4,
953.00,6.67209141E+4,
954.00,6.58123203E+4,
955.00,6.47070547E+4,
956.00,6.43698672E+4,
957.00,6.34781602E+4,
958.00,6.25337891E+4,
959.00,6.20229961E+4,
960.00,6.14333516E+4,
961.00,6.07581602E+4,
962.00,5.96497031E+4,
963.00,5.96124648E+4,
964.00,5.90023906E+4,
965.00,5.80672266E+4,
966.00,5.73330703E+4,
967.00,5.71048477E+4,
968.00,5.63643086E+4,
969.00,5.57585117E+4,
970.00,5.56108047E+4,
971.00,5.52520742E+4,
972.00,5.45113398E+4,
973.00,5.37350234E+4,
974.00,5.32211719E+4,
975.00,5.26119336E+4,
976.00,5.23746758E+4,
977.00,5.20854336E+4,
978.00,5.12132227E+4,
979.00,5.08100313E+4,
980.00,5.00284336E+4,
981.00,4.92155039E+4,
982.00,4.86350820E+4,
983.00,4.81206563E+4,
984.00,4.77533594E+4,
985.00,4.71804219E+4,
986.00,4.67286602E+4,
987.00,4.63323984E+4,
988.00,4.54832734E+4,
989.00,4.53275625E+4,
990.00,4.39744844E+4,
991.00,4.41438516E+4,
992.00,4.33466953E+4,
993.00,4.29366328E+4,
994.00,4.24497266E+4,
995.00,4.16354414E+4,
996.00,4.08918555E+4,
997.00,4.02634922E+4,
998.00,4.00748086E+4,
999.00,3.94216172E+4,
1000.00,3.92611133E+4,
1001.000,3.87214258E+4,
1002.000,3.79971094E+4,
1003.000,3.78907109E+4,
1004.000,3.73830742E+4,
1005.000,3.64298398E+4,
1006.000,3.60504648E+4,
1007.000,3.59066367E+4,
1008.000,3.53882617E+4,
1009.000,3.49218633E+4,
1010.00,3.42920703E+4,
1011.000,3.42978164E+4,
1012.000,3.38240352E+4,
1013.000,3.33654453E+4,
1014.000,3.26756699E+4,
1015.000,3.22687051E+4,
1016.000,3.20469199E+4,
1017.000,3.14670918E+4,
1018.000,3.09894609E+4,
1019.000,3.04293730E+4,
1020.00,3.02790469E+4,
1021.000,2.98266250E+4,
1022.000,2.93832676E+4,
1023.000,2.88416113E+4,
1024.000,2.87909668E+4,
1025.000,2.83782910E+4,
1026.000,2.79684746E+4,
1027.000,2.77544863E+4,
1028.000,2.72243105E+4,
1029.000,2.68230449E+4,
1030.00,2.64685039E+4,
1031.000,2.63919805E+4,
1032.000,2.57842676E+4,
1033.000,2.54690957E+4,
1034.000,2.52237129E+4,
1035.000,2.48863535E+4,
1036.000,2.44046348E+4,
1037.000,2.41505840E+4,
1038.000,2.41928945E+4,
1039.000,2.38547402E+4,
1040.00,2.31761523E+4,
1041.000,2.30948574E+4,
1042.000,2.26105898E+4,
1043.000,2.23166309E+4,
1044.000,2.20448594E+4,
1045.000,2.18193008E+4,
1046.000,2.14797617E+4,
1047.000,2.11172070E+4,
1048.000,2.08350723E+4,
1049.000,2.07541406E+4,
1050.00,2.03202793E+4,
1051.000,2.00179238E+4,
1052.000,1.97177246E+4,
1053.000,1.93807188E+4,
1054.000,1.91425918E+4,
1055.000,1.89003398E+4,
1056.000,1.88291934E+4,
1057.000,1.84232773E+4,
1058.000,1.82413594E+4,
1059.000,1.80559961E+4,
1060.00,1.78071211E+4,
1061.000,1.73874883E+4,
1062.000,1.69227871E+4,
1063.000,1.70595195E+4,
1064.000,1.67620801E+4,
1065.000,1.65643809E+4,
1066.000,1.62574023E+4,
1067.000,1.60930332E+4,
1068.000,1.57888965E+4,
1069.000,1.54745605E+4,
1070.00,1.53664600E+4,
1071.000,1.54177451E+4,
1072.000,1.50913818E+4,
1073.000,1.47693945E+4,
1074.000,1.44443701E+4,
1075.000,1.43825059E+4,
1076.000,1.40506514E+4,
1077.000,1.38968213E+4,
1078.000,1.37384629E+4,
1079.000,1.35329092E+4,
1080.00,1.33228174E+4,
1081.000,1.31927969E+4,
1082.000,1.28754727E+4,
1083.000,1.28378838E+4,
1084.000,1.25474189E+4,
1085.000,1.24303467E+4,
1086.000,1.23754014E+4,
1087.000,1.22110820E+4,
1088.000,1.20955869E+4,
1089.000,1.18252549E+4,
1090.00,1.16964453E+4,
1091.000,1.14453838E+4,
1092.000,1.15030586E+4,
1093.000,1.12724131E+4,
1094.000,1.09953154E+4,
1095.000,1.08017568E+4,
1096.000,1.06089717E+4,
1097.000,1.04622637E+4,
1098.000,1.03629912E+4,
1099.000,1.00893398E+4,
1100.00,1.00339033E+4,
1101.000,9.91681445E+3,
1102.000,9.85163477E+3,
1103.000,9.83125586E+3,
1104.000,9.55578516E+3,
1105.000,9.32326855E+3,
1106.000,9.35582910E+3,
1107.000,9.26620410E+3,
1108.000,8.98697461E+3,
1109.000,8.95033496E+3,
1110.00,8.65442773E+3,
1111.000,8.76819336E+3,
1112.000,8.54045508E+3,
1113.000,8.45506836E+3,
1114.000,8.30276367E+3,
1115.000,8.14687305E+3,
1116.000,8.15236475E+3,
1117.000,7.97227295E+3,
1118.000,7.83424707E+3,
1119.000,7.88952832E+3,
1120.00,7.80212891E+3,
1121.000,7.55382129E+3,
1122.000,7.62736377E+3,
1123.000,7.25844287E+3,
1124.000,7.32210449E+3,
1125.000,7.16470020E+3,
1126.000,7.19105762E+3,
1127.000,6.85395508E+3,
1128.000,6.87059912E+3,
1129.000,6.68197998E+3,
1130.00,6.60852100E+3,
1131.000,6.44290820E+3,
1132.000,6.40523145E+3,
1133.000,6.24399365E+3,
1134.000,6.24831152E+3,
1135.000,6.31739795E+3,
1136.000,6.13600195E+3,
1137.000,6.09251465E+3,
1138.000,5.98168701E+3,
1139.000,5.93074902E+3,
1140.00,5.81816406E+3,
1141.000,5.66422217E+3,
1142.000,5.52907324E+3,
1143.000,5.59357129E+3,
1144.000,5.57179443E+3,
1145.000,5.39787842E+3,
1146.000,5.24394189E+3,
1147.000,5.34048975E+3,
1148.000,5.21239111E+3,
1149.000,5.04027539E+3,
1150.00,5.09731396E+3,
1151.000,5.01841406E+3,
1152.000,4.88395898E+3,
1153.000,4.91818848E+3,
1154.000,4.72481836E+3,
1155.000,4.70342725E+3,
1156.000,4.59340234E+3,
1157.000,4.62139355E+3,
1158.000,4.44066943E+3,
1159.000,4.33170850E+3,
1160.00,4.34754150E+3,
1161.000,4.25074756E+3,
1162.000,4.29633105E+3,
1163.000,4.16991943E+3,
1164.000,4.22166211E+3,
1165.000,4.12007178E+3,
1166.000,3.98865259E+3,
1167.000,4.03180322E+3,
1168.000,3.85285889E+3,
1169.000,3.81959253E+3,
1170.00,3.91243066E+3,
1171.000,3.82603540E+3,
1172.000,3.67860693E+3,
1173.000,3.71147876E+3,
1174.000,3.67845581E+3,
1175.000,3.58781958E+3,
1176.000,3.51786426E+3,
1177.000,3.48784961E+3,
1178.000,3.44626709E+3,
1179.000,3.37438257E+3,
1180.00,3.38731494E+3,
1181.000,3.22292944E+3,
1182.000,3.22244263E+3,
1183.000,3.21542798E+3,
1184.000,3.12838623E+3,
1185.000,3.18244995E+3,
1186.000,3.08735400E+3,
1187.000,3.01414429E+3,
1188.000,2.96947900E+3,
1189.000,2.97593140E+3,
1190.00,2.92062671E+3,
1191.000,2.88370630E+3,
1192.000,2.89189551E+3,
1193.000,2.87314941E+3,
1194.000,2.76440430E+3,
1195.000,2.68153882E+3,
1196.000,2.70804370E+3,
1197.000,2.56910132E+3,
1198.000,2.62893213E+3,
1199.000,2.54847949E+3,
1200.00,2.55237109E+3,
1201.000,2.55195410E+3,
1202.000,2.49661548E+3,
1203.000,2.42310229E+3,
1204.000,2.42100732E+3,
1205.000,2.39416235E+3,
1206.000,2.32956055E+3,
1207.000,2.37881104E+3,
1208.000,2.35104419E+3,
1209.000,2.24591846E+3,
1210.00,2.25582202E+3,
1211.000,2.26983789E+3,
1212.000,2.15077759E+3,
1213.000,2.15087817E+3,
1214.000,2.12804199E+3,
1215.000,2.02853418E+3,
1216.000,2.07429443E+3,
1217.000,2.06721289E+3,
1218.000,2.00522656E+3,
1219.000,2.02660864E+3,
1220.00,1.89603491E+3,
1221.000,1.87430359E+3,
1222.000,1.91146948E+3,
1223.000,1.89382092E+3,
1224.000,1.87150903E+3,
1225.000,1.82209338E+3,
1226.000,1.76033203E+3,
1227.000,1.81351648E+3,
1228.000,1.75495923E+3,
1229.000,1.67867944E+3,
1230.00,1.72487866E+3,
1231.000,1.73693152E+3,
1232.000,1.66973669E+3,
1233.000,1.59873853E+3,
1234.000,1.62210913E+3,
1235.000,1.66041833E+3,
1236.000,1.64921777E+3,
1237.000,1.67135120E+3,
1238.000,1.56451196E+3,
1239.000,1.54417261E+3,
1240.00,1.47838074E+3,
1241.000,1.48932410E+3,
1242.000,1.38873547E+3,
1243.000,1.47646362E+3,
1244.000,1.36337427E+3,
1245.000,1.41859119E+3,
1246.000,1.34820093E+3,
1247.000,1.29809790E+3,
1248.000,1.36974744E+3,
1249.000,1.28295532E+3,
1250.00,1.35639673E+3,
1251.000,1.35930688E+3,
1252.000,1.27437085E+3,
1253.000,1.23327539E+3,
1254.000,1.16400732E+3,
1255.000,1.21423389E+3,
1256.000,1.09577063E+3,
1257.000,1.05571277E+3,
1258.000,1.17989502E+3,
1259.000,1.09520398E+3,
1260.00,1.09021460E+3,
1261.000,1.12735376E+3,
1262.000,1.08149475E+3,
1263.000,1.08389648E+3,
1264.000,9.95474548E+2,
1265.000,1.06793530E+3,
1266.000,1.04863037E+3,
1267.000,9.46551697E+2,
1268.000,9.36206055E+2,
1269.000,9.09792175E+2,
1270.00,9.52849670E+2,
1271.000,9.33821777E+2,
1272.000,8.75654846E+2,
1273.000,8.98173157E+2,
1274.000,8.77749390E+2,
1275.000,9.17102539E+2,
1276.000,8.88998962E+2,
1277.000,9.14343201E+2,
1278.000,8.46240173E+2,
1279.000,7.98657166E+2,
1280.00,8.14500183E+2,
1281.000,8.71594177E+2,
1282.000,8.19761047E+2,
1283.000,6.92516541E+2,
1284.000,7.92452637E+2,
1285.000,7.70218689E+2,
1286.000,7.49784485E+2,
1287.000,7.73382324E+2,
1288.000,8.02273987E+2,
1289.000,7.43773254E+2,
1290.00,6.85236572E+2,
1291.000,7.34656799E+2,
1292.000,6.92351746E+2,
1293.000,7.12727234E+2,
1294.000,6.40683838E+2,
1295.000,6.29789734E+2,
1296.000,7.18570496E+2,
1297.000,6.04110901E+2,
1298.000,6.56209229E+2,
1299.000,6.66254822E+2,
1300.00,6.34288330E+2,
