Labels,425-EM,
Type,Emission Scan,
Comment,,
Start,650.00,
Stop,1700.00,
Step,1.00,
Fixed/Offset,425.00,
Xaxis,Wavelength,
Yaxis,Counts,
Scan Corr. by File,True,
Corr. by Ref. Det.,True,
Fixed/Offset Corr. by File,False,
Repeats,1,
Dwell Time,0.10,
Lamp,Xenon,
Temp,29.050,
Scan Polariser,None,
Scan Slit,3.9999883,
Fixed/Offset Polariser,None,
Fixed/Offset Slit,4.0000019,
Detector,Det2,

650.00,2.92374780E+3,
651.00,2.80179541E+3,
652.00,2.94798755E+3,
653.00,3.05634326E+3,
654.00,2.95639966E+3,
655.00,2.97578516E+3,
656.00,2.70500928E+3,
657.00,3.10971387E+3,
658.00,2.99268872E+3,
659.00,2.99149609E+3,
660.00,3.22743970E+3,
661.00,3.10877368E+3,
662.00,3.39016992E+3,
663.00,3.59964111E+3,
664.00,3.37228662E+3,
665.00,3.71515283E+3,
666.00,3.57390625E+3,
667.00,3.89472070E+3,
668.00,3.68210962E+3,
669.00,3.92528979E+3,
670.00,4.07023779E+3,
671.00,4.27053906E+3,
672.00,4.64321191E+3,
673.00,4.66815869E+3,
674.00,4.61839795E+3,
675.00,4.75736133E+3,
676.00,5.08043066E+3,
677.00,4.89213086E+3,
678.00,5.12402686E+3,
679.00,5.19267432E+3,
680.00,3.12403516E+3,
681.00,3.30889746E+3,
682.00,3.67979028E+3,
683.00,3.45938794E+3,
684.00,3.81719971E+3,
685.00,4.13780469E+3,
686.00,4.26937500E+3,
687.00,4.37141113E+3,
688.00,4.38296924E+3,
689.00,4.81661768E+3,
690.00,4.84896289E+3,
691.00,5.59884180E+3,
692.00,6.07966748E+3,
693.00,6.90969531E+3,
694.00,7.16543848E+3,
695.00,7.62092822E+3,
696.00,7.46074268E+3,
697.00,7.59406250E+3,
698.00,8.22245117E+3,
699.00,8.63695703E+3,
700.00,8.64147168E+3,
701.00,8.83523242E+3,
702.00,9.04906348E+3,
703.00,9.83629004E+3,
704.00,1.00642686E+4,
705.00,1.06211270E+4,
706.00,1.11098457E+4,
707.00,1.12681748E+4,
708.00,1.18854902E+4,
709.00,1.22679805E+4,
710.00,1.28563428E+4,
711.00,1.31425410E+4,
712.00,1.36119404E+4,
713.00,1.44662285E+4,
714.00,1.45499229E+4,
715.00,1.46090381E+4,
716.00,1.49605059E+4,
717.00,1.55551113E+4,
718.00,1.60626191E+4,
719.00,1.63196025E+4,
720.00,1.62015498E+4,
721.00,1.61957363E+4,
722.00,1.67825996E+4,
723.00,1.68190156E+4,
724.00,1.72230098E+4,
725.00,1.78801172E+4,
726.00,1.81440527E+4,
727.00,1.86966016E+4,
728.00,1.89567461E+4,
729.00,1.87615000E+4,
730.00,1.92541133E+4,
731.00,1.94813398E+4,
732.00,1.98482617E+4,
733.00,2.01874668E+4,
734.00,2.04005117E+4,
735.00,2.09338770E+4,
736.00,2.11672949E+4,
737.00,2.16224180E+4,
738.00,2.18958418E+4,
739.00,2.17238633E+4,
740.00,2.26097461E+4,
741.00,2.29072949E+4,
742.00,2.28661270E+4,
743.00,2.36023906E+4,
744.00,2.33034043E+4,
745.00,2.33265137E+4,
746.00,2.40565117E+4,
747.00,2.37067109E+4,
748.00,2.43450391E+4,
749.00,2.45987832E+4,
750.00,2.44710000E+4,
751.00,2.52160059E+4,
752.00,2.55959395E+4,
753.00,2.54934746E+4,
754.00,2.54996797E+4,
755.00,2.55202871E+4,
756.00,2.60819707E+4,
757.00,2.63283613E+4,
758.00,2.54860293E+4,
759.00,2.57057441E+4,
760.00,2.64702559E+4,
761.00,2.67853633E+4,
762.00,2.71292617E+4,
763.00,2.70844316E+4,
764.00,2.70722813E+4,
765.00,2.76126113E+4,
766.00,2.72974473E+4,
767.00,2.75253203E+4,
768.00,2.73474648E+4,
769.00,2.73021367E+4,
770.00,2.77429063E+4,
771.00,2.82479258E+4,
772.00,2.80216777E+4,
773.00,2.79020332E+4,
774.00,2.80637598E+4,
775.00,2.85088750E+4,
776.00,2.83594492E+4,
777.00,2.89385684E+4,
778.00,2.89035020E+4,
779.00,2.89192813E+4,
780.00,2.89428711E+4,
781.00,2.86306797E+4,
782.00,2.86931914E+4,
783.00,2.86683984E+4,
784.00,2.89920801E+4,
785.00,2.87581738E+4,
786.00,2.92758613E+4,
787.00,2.91401016E+4,
788.00,2.91388086E+4,
789.00,2.90640488E+4,
790.00,2.91570391E+4,
791.00,2.94618457E+4,
792.00,2.92922031E+4,
793.00,2.96475547E+4,
794.00,2.92428438E+4,
795.00,2.92575176E+4,
796.00,2.91375078E+4,
797.00,2.92268613E+4,
798.00,2.91952070E+4,
799.00,2.95396055E+4,
800.00,2.96021602E+4,
801.00,2.94251133E+4,
802.00,2.93920410E+4,
803.00,2.97208516E+4,
804.00,2.92608047E+4,
805.00,2.95394863E+4,
806.00,2.94543105E+4,
807.00,2.90732852E+4,
808.00,2.93910215E+4,
809.00,2.94328457E+4,
810.00,2.91749082E+4,
811.00,2.92227695E+4,
812.00,2.96951328E+4,
813.00,2.89517656E+4,
814.00,2.88708184E+4,
815.00,2.93508281E+4,
816.00,2.93778457E+4,
817.00,2.90321309E+4,
818.00,2.94046484E+4,
819.00,2.91900820E+4,
820.00,2.90968008E+4,
821.00,2.89773789E+4,
822.00,2.89031895E+4,
823.00,2.86837422E+4,
824.00,2.87432695E+4,
825.00,2.84851152E+4,
826.00,2.84903184E+4,
827.00,2.82390488E+4,
828.00,2.84204160E+4,
829.00,2.78497246E+4,
830.00,2.84891191E+4,
831.00,2.78633066E+4,
832.00,2.78341543E+4,
833.00,2.77855078E+4,
834.00,2.77307598E+4,
835.00,2.75935605E+4,
836.00,2.74577930E+4,
837.00,2.79800664E+4,
838.00,2.74005176E+4,
839.00,2.70260879E+4,
840.00,2.67134980E+4,
841.00,2.69800898E+4,
842.00,2.69168398E+4,
843.00,2.71632402E+4,
844.00,2.66003809E+4,
845.00,2.67916367E+4,
846.00,2.65000566E+4,
847.00,2.65116895E+4,
848.00,2.60313535E+4,
849.00,2.60573516E+4,
850.00,2.61494980E+4,
851.00,2.60792813E+4,
852.00,2.60176543E+4,
853.00,2.57786523E+4,
854.00,2.60248145E+4,
855.00,2.56834258E+4,
856.00,2.54356992E+4,
857.00,2.55876992E+4,
858.00,2.52224219E+4,
859.00,2.54694043E+4,
860.00,2.45150859E+4,
861.00,2.52544590E+4,
862.00,2.51330801E+4,
863.00,2.43831250E+4,
864.00,2.46550273E+4,
865.00,2.41888066E+4,
866.00,2.45331797E+4,
867.00,2.44630332E+4,
868.00,2.40808145E+4,
869.00,2.42211641E+4,
870.00,2.38198379E+4,
871.00,2.37956758E+4,
872.00,2.32618730E+4,
873.00,2.34806113E+4,
874.00,2.33180938E+4,
875.00,2.29210293E+4,
876.00,2.23646016E+4,
877.00,2.28474961E+4,
878.00,2.27085371E+4,
879.00,2.22227754E+4,
880.00,2.22273711E+4,
881.00,2.20587734E+4,
882.00,2.19875195E+4,
883.00,2.15891250E+4,
884.00,2.17265254E+4,
885.00,2.14057656E+4,
886.00,2.13216641E+4,
887.00,2.10156504E+4,
888.00,2.10576582E+4,
889.00,2.08108398E+4,
890.00,2.08324746E+4,
891.00,2.04881348E+4,
892.00,2.03175430E+4,
893.00,2.00002695E+4,
894.00,1.98036211E+4,
895.00,1.93210859E+4,
896.00,1.95414531E+4,
897.00,1.93290332E+4,
898.00,1.91417793E+4,
899.00,1.93328750E+4,
900.00,1.88054473E+4,
901.00,1.89966348E+4,
902.00,1.84555430E+4,
903.00,1.85165215E+4,
904.00,1.83340527E+4,
905.00,1.80366699E+4,
906.00,1.77455469E+4,
907.00,1.75134648E+4,
908.00,1.75799668E+4,
909.00,1.73090898E+4,
910.00,1.71806309E+4,
911.00,1.73094063E+4,
912.00,1.67350371E+4,
913.00,1.67725918E+4,
914.00,1.64315879E+4,
915.00,1.64302676E+4,
916.00,1.63135039E+4,
917.00,1.60244033E+4,
918.00,1.58113535E+4,
919.00,1.56379414E+4,
920.00,1.56815186E+4,
921.00,1.53466250E+4,
922.00,1.52920986E+4,
923.00,1.49535449E+4,
924.00,1.48720381E+4,
925.00,1.47169541E+4,
926.00,1.46120586E+4,
927.00,1.42599863E+4,
928.00,1.40755771E+4,
929.00,1.40587080E+4,
930.00,1.38332139E+4,
931.00,1.36592715E+4,
932.00,1.36760967E+4,
933.00,1.33992881E+4,
934.00,1.32011641E+4,
935.00,1.31669141E+4,
936.00,1.29176533E+4,
937.00,1.28105830E+4,
938.00,1.24370557E+4,
939.00,1.24833896E+4,
940.00,1.23494121E+4,
941.00,1.22006934E+4,
942.00,1.20895410E+4,
943.00,1.19828701E+4,
944.00,1.16598818E+4,
945.00,1.14453545E+4,
946.00,1.13269492E+4,
947.00,1.11156309E+4,
948.00,1.09009229E+4,
949.00,1.10141680E+4,
950.00,1.07257266E+4,
951.00,1.06725684E+4,
952.00,1.05274590E+4,
953.00,1.03698223E+4,
954.00,1.01955635E+4,
955.00,1.01019395E+4,
956.00,9.82579004E+3,
957.00,9.89667188E+3,
958.00,9.60938770E+3,
959.00,9.61471191E+3,
960.00,9.43663770E+3,
961.00,9.34388379E+3,
962.00,9.18454199E+3,
963.00,9.14424316E+3,
964.00,8.97836426E+3,
965.00,8.80094141E+3,
966.00,8.66500293E+3,
967.00,8.51268066E+3,
968.00,8.52945996E+3,
969.00,8.28010645E+3,
970.00,8.28480664E+3,
971.00,8.09183643E+3,
972.00,7.99626611E+3,
973.00,7.92502539E+3,
974.00,7.64112988E+3,
975.00,7.55290186E+3,
976.00,7.50240479E+3,
977.00,7.41025635E+3,
978.00,7.31957178E+3,
979.00,7.22741260E+3,
980.00,7.06532080E+3,
981.00,7.02306494E+3,
982.00,6.74905225E+3,
983.00,6.85509961E+3,
984.00,6.72754053E+3,
985.00,6.51808496E+3,
986.00,6.52181445E+3,
987.00,6.42805664E+3,
988.00,6.27279590E+3,
989.00,6.21361084E+3,
990.00,6.07603711E+3,
991.00,6.04747070E+3,
992.00,5.95286377E+3,
993.00,5.85188574E+3,
994.00,5.73749414E+3,
995.00,5.66331152E+3,
996.00,5.59204248E+3,
997.00,5.45574658E+3,
998.00,5.32785547E+3,
999.00,5.34240479E+3,
1000.00,5.31544824E+3,
1001.000,5.15844775E+3,
1002.000,5.08073975E+3,
1003.000,5.04560791E+3,
1004.000,4.86565479E+3,
1005.000,4.80966406E+3,
1006.000,4.74447803E+3,
1007.000,4.69016602E+3,
1008.000,4.67163770E+3,
1009.000,4.58772607E+3,
1010.00,4.47649512E+3,
1011.000,4.35901025E+3,
1012.000,4.42603760E+3,
1013.000,4.31222021E+3,
1014.000,4.23010693E+3,
1015.000,4.21605176E+3,
1016.000,4.05646118E+3,
1017.000,4.08976782E+3,
1018.000,4.01383203E+3,
1019.000,3.95550244E+3,
1020.00,3.92526221E+3,
1021.000,3.81917041E+3,
1022.000,3.82026611E+3,
1023.000,3.69436108E+3,
1024.000,3.67498682E+3,
1025.000,3.55791821E+3,
1026.000,3.58149097E+3,
1027.000,3.49800806E+3,
1028.000,3.53586133E+3,
1029.000,3.34624219E+3,
1030.00,3.29986304E+3,
1031.000,3.27475439E+3,
1032.000,3.30811792E+3,
1033.000,3.21981934E+3,
1034.000,3.03226074E+3,
1035.000,3.08606055E+3,
1036.000,3.06199927E+3,
1037.000,2.95116772E+3,
1038.000,2.92485034E+3,
1039.000,2.92052271E+3,
1040.00,2.83315259E+3,
1041.000,2.81170264E+3,
1042.000,2.73295337E+3,
1043.000,2.65203638E+3,
1044.000,2.62022437E+3,
1045.000,2.64408203E+3,
1046.000,2.56012427E+3,
1047.000,2.57377808E+3,
1048.000,2.46578809E+3,
1049.000,2.50612109E+3,
1050.00,2.42098071E+3,
1051.000,2.38128491E+3,
1052.000,2.35049902E+3,
1053.000,2.31956250E+3,
1054.000,2.24913501E+3,
1055.000,2.23918164E+3,
1056.000,2.16593872E+3,
1057.000,2.15671436E+3,
1058.000,2.08308032E+3,
1059.000,2.06899146E+3,
1060.00,2.03629395E+3,
1061.000,2.09149268E+3,
1062.000,2.01445850E+3,
1063.000,1.98031689E+3,
1064.000,1.90922070E+3,
1065.000,1.93368457E+3,
1066.000,1.82255762E+3,
1067.000,1.85140308E+3,
1068.000,1.80069629E+3,
1069.000,1.77224158E+3,
1070.00,1.77247400E+3,
1071.000,1.72159888E+3,
1072.000,1.73713196E+3,
1073.000,1.68808887E+3,
1074.000,1.63849976E+3,
1075.000,1.60869666E+3,
1076.000,1.57861719E+3,
1077.000,1.57214917E+3,
1078.000,1.46946545E+3,
1079.000,1.54998792E+3,
1080.00,1.51819141E+3,
1081.000,1.45488806E+3,
1082.000,1.42823633E+3,
1083.000,1.39053101E+3,
1084.000,1.43009375E+3,
1085.000,1.39919019E+3,
1086.000,1.38342859E+3,
1087.000,1.34817517E+3,
1088.000,1.30269971E+3,
1089.000,1.31218066E+3,
1090.00,1.29411755E+3,
1091.000,1.24650549E+3,
1092.000,1.18046301E+3,
1093.000,1.22594556E+3,
1094.000,1.21729468E+3,
1095.000,1.16547070E+3,
1096.000,1.14480127E+3,
1097.000,1.17933008E+3,
1098.000,1.11471606E+3,
1099.000,1.14440393E+3,
1100.00,1.06839978E+3,
1101.000,1.09126709E+3,
1102.000,1.04398022E+3,
1103.000,1.03664929E+3,
1104.000,1.01451898E+3,
1105.000,1.02335345E+3,
1106.000,1.00974054E+3,
1107.000,9.87627258E+2,
1108.000,9.37365173E+2,
1109.000,9.45241516E+2,
1110.00,8.95834473E+2,
1111.000,9.28422729E+2,
1112.000,9.34607483E+2,
1113.000,8.95886658E+2,
1114.000,9.49709473E+2,
1115.000,8.67302246E+2,
1116.000,8.59669189E+2,
1117.000,8.34027710E+2,
1118.000,7.94694946E+2,
1119.000,8.12397278E+2,
1120.00,8.15947998E+2,
1121.000,7.45040771E+2,
1122.000,7.81649536E+2,
1123.000,7.63353455E+2,
1124.000,7.86883911E+2,
1125.000,7.35740906E+2,
1126.000,7.33024414E+2,
1127.000,7.35437317E+2,
1128.000,7.18108398E+2,
1129.000,6.82160278E+2,
1130.00,7.24239380E+2,
1131.000,6.46437012E+2,
1132.000,6.98321228E+2,
1133.000,6.88581299E+2,
1134.000,6.93072571E+2,
1135.000,6.81907288E+2,
1136.000,6.28572449E+2,
1137.000,6.18576233E+2,
1138.000,5.98756958E+2,
1139.000,6.17094482E+2,
1140.00,6.09317322E+2,
1141.000,5.87562317E+2,
1142.000,6.58932617E+2,
1143.000,6.68250610E+2,
1144.000,5.76432068E+2,
1145.000,6.22712219E+2,
1146.000,5.20461670E+2,
1147.000,5.97324829E+2,
1148.000,5.35033325E+2,
1149.000,5.07482758E+2,
1150.00,5.21496704E+2,
1151.000,5.84014526E+2,
1152.000,5.41769226E+2,
1153.000,5.57481506E+2,
1154.000,5.11642487E+2,
1155.000,5.87287292E+2,
1156.000,5.25140137E+2,
1157.000,5.39152710E+2,
1158.000,5.29598450E+2,
1159.000,5.24412964E+2,
1160.00,5.36694580E+2,
1161.000,5.40117798E+2,
1162.000,5.17061523E+2,
1163.000,4.79556793E+2,
1164.000,4.85878479E+2,
1165.000,5.11219788E+2,
1166.000,4.60060760E+2,
1167.000,5.31319336E+2,
1168.000,4.66741241E+2,
1169.000,5.21275574E+2,
1170.00,4.83415985E+2,
1171.000,4.93801208E+2,
1172.000,5.10865845E+2,
1173.000,4.85884155E+2,
1174.000,5.06773743E+2,
1175.000,4.97575958E+2,
1176.000,4.68262817E+2,
1177.000,4.97825836E+2,
1178.000,4.54753510E+2,
1179.000,4.97484711E+2,
1180.00,5.47163757E+2,
1181.000,4.79292725E+2,
1182.000,4.96725067E+2,
1183.000,5.13112610E+2,
1184.000,5.36869385E+2,
1185.000,5.12525696E+2,
1186.000,5.08856171E+2,
1187.000,5.18538513E+2,
1188.000,5.22596313E+2,
1189.000,4.87877167E+2,
1190.00,5.16382446E+2,
1191.000,5.57155762E+2,
1192.000,5.56130615E+2,
1193.000,4.99214172E+2,
1194.000,5.37710022E+2,
1195.000,5.33720398E+2,
1196.000,5.04000946E+2,
1197.000,5.49997314E+2,
1198.000,5.74447205E+2,
1199.000,5.82158936E+2,
1200.00,5.69211914E+2,
1201.000,5.53304993E+2,
1202.000,5.70780579E+2,
1203.000,5.88712097E+2,
1204.000,6.04014587E+2,
1205.000,5.76916809E+2,
1206.000,6.22992310E+2,
1207.000,6.17151489E+2,
1208.000,6.11066589E+2,
1209.000,6.40857239E+2,
1210.00,6.39738037E+2,
1211.000,6.50467224E+2,
1212.000,6.41324463E+2,
1213.000,6.91128174E+2,
1214.000,6.37084290E+2,
1215.000,6.87124634E+2,
1216.000,6.95496033E+2,
1217.000,6.77305359E+2,
1218.000,6.51326599E+2,
1219.000,6.76431274E+2,
1220.00,7.53540222E+2,
1221.000,7.08333740E+2,
1222.000,7.29925903E+2,
1223.000,7.88302490E+2,
1224.000,7.76127625E+2,
1225.000,8.27947510E+2,
1226.000,7.75019836E+2,
1227.000,8.41914307E+2,
1228.000,8.10883789E+2,
1229.000,8.44316406E+2,
1230.00,8.83951355E+2,
1231.000,8.80965759E+2,
1232.000,8.79402710E+2,
1233.000,9.02549683E+2,
1234.000,8.82664917E+2,
1235.000,9.38628906E+2,
1236.000,9.72699707E+2,
1237.000,9.92944885E+2,
1238.000,1.02904443E+3,
1239.000,1.05001672E+3,
1240.00,1.05762915E+3,
1241.000,1.05684741E+3,
1242.000,1.07533777E+3,
1243.000,1.09144055E+3,
1244.000,1.15749768E+3,
1245.000,1.14628308E+3,
1246.000,1.15975586E+3,
1247.000,1.17348669E+3,
1248.000,1.20251819E+3,
1249.000,1.26933313E+3,
1250.00,1.32270605E+3,
1251.000,1.30381482E+3,
1252.000,1.30127820E+3,
1253.000,1.29274536E+3,
1254.000,1.32082898E+3,
1255.000,1.42481848E+3,
1256.000,1.40944336E+3,
1257.000,1.43247583E+3,
1258.000,1.51426709E+3,
1259.000,1.47498291E+3,
1260.00,1.53448425E+3,
1261.000,1.52907593E+3,
1262.000,1.57646777E+3,
1263.000,1.62611987E+3,
1264.000,1.66670728E+3,
1265.000,1.74358447E+3,
1266.000,1.68655200E+3,
1267.000,1.76376672E+3,
1268.000,1.77873840E+3,
1269.000,1.87195520E+3,
1270.00,1.90484412E+3,
1271.000,1.93379321E+3,
1272.000,1.94826794E+3,
1273.000,2.03140381E+3,
1274.000,2.10736816E+3,
1275.000,2.12596924E+3,
1276.000,2.13950171E+3,
1277.000,2.19644702E+3,
1278.000,2.23310718E+3,
1279.000,2.34269727E+3,
1280.00,2.34262720E+3,
1281.000,2.42218384E+3,
1282.000,2.48786743E+3,
1283.000,2.46728198E+3,
1284.000,2.54442822E+3,
1285.000,2.56093164E+3,
1286.000,2.68170483E+3,
1287.000,2.66820703E+3,
1288.000,2.73222852E+3,
1289.000,2.86145215E+3,
1290.00,2.85760742E+3,
1291.000,2.95754175E+3,
1292.000,2.95017285E+3,
1293.000,3.05722314E+3,
1294.000,3.11017773E+3,
1295.000,3.21907910E+3,
1296.000,3.23494312E+3,
1297.000,3.42718555E+3,
1298.000,3.34984741E+3,
1299.000,3.49867456E+3,
1300.00,3.62140967E+3,
1301.000,3.56112646E+3,
1302.000,3.68850293E+3,
1303.000,3.83182568E+3,
1304.000,3.81966968E+3,
1305.000,3.86082178E+3,
1306.000,3.99371118E+3,
1307.000,4.06325732E+3,
1308.000,4.11365332E+3,
1309.000,4.20270361E+3,
1310.00,4.33914404E+3,
1311.000,4.41250195E+3,
1312.000,4.50756641E+3,
1313.000,4.62086084E+3,
1314.000,4.75519922E+3,
1315.000,4.76711377E+3,
1316.000,4.87487207E+3,
1317.000,5.04592529E+3,
1318.000,5.09187451E+3,
1319.000,5.07844043E+3,
1320.00,5.32471240E+3,
1321.000,5.40153516E+3,
1322.000,5.52701611E+3,
1323.000,5.59196973E+3,
1324.000,5.70361719E+3,
1325.000,5.76759229E+3,
1326.000,5.94702881E+3,
1327.000,6.09983984E+3,
1328.000,6.25423633E+3,
1329.000,6.26548145E+3,
1330.00,6.43435449E+3,
1331.000,6.47446680E+3,
1332.000,6.65351855E+3,
1333.000,6.75740234E+3,
1334.000,6.80347412E+3,
1335.000,7.04201563E+3,
1336.000,7.05340723E+3,
1337.000,7.27418457E+3,
1338.000,7.34378613E+3,
1339.000,7.43023975E+3,
1340.00,7.48945605E+3,
1341.000,7.74664795E+3,
1342.000,7.91630420E+3,
1343.000,8.01107080E+3,
1344.000,8.20077930E+3,
1345.000,8.41278125E+3,
1346.000,8.49307910E+3,
1347.000,8.72162793E+3,
1348.000,8.76873438E+3,
1349.000,8.98856152E+3,
1350.00,9.15535840E+3,
1351.000,9.22158105E+3,
1352.000,9.51618262E+3,
1353.000,9.77495313E+3,
1354.000,9.90602539E+3,
1355.000,1.02982832E+4,
1356.000,1.04219941E+4,
1357.000,1.04606143E+4,
1358.000,1.05743232E+4,
1359.000,1.06881318E+4,
1360.00,1.12168574E+4,
1361.000,1.15101377E+4,
1362.000,1.22542617E+4,
1363.000,1.18030225E+4,
1364.000,1.16595596E+4,
1365.000,1.20978350E+4,
1366.000,1.20104678E+4,
1367.000,1.21121924E+4,
1368.000,1.25075928E+4,
1369.000,1.27915576E+4,
1370.00,1.26657266E+4,
1371.000,1.29204307E+4,
1372.000,1.32097520E+4,
1373.000,1.30009033E+4,
1374.000,1.31139434E+4,
1375.000,1.33364268E+4,
1376.000,1.36640938E+4,
1377.000,1.36727031E+4,
1378.000,1.39867275E+4,
1379.000,1.40344492E+4,
1380.00,1.46810508E+4,
1381.000,1.49865205E+4,
1382.000,1.52698750E+4,
1383.000,1.56413076E+4,
1384.000,1.52807969E+4,
1385.000,1.53265576E+4,
1386.000,1.51031797E+4,
1387.000,1.51575713E+4,
1388.000,1.57039307E+4,
1389.000,1.58652656E+4,
1390.00,1.56706514E+4,
1391.000,1.60314385E+4,
1392.000,1.66466836E+4,
1393.000,1.64649199E+4,
1394.000,1.65515820E+4,
1395.000,1.72674375E+4,
1396.000,1.80040801E+4,
1397.000,1.73887676E+4,
1398.000,1.71347578E+4,
1399.000,1.75196699E+4,
1400.00,1.86399648E+4,
1401.000,1.87332402E+4,
1402.000,1.83374922E+4,
1403.000,1.78192051E+4,
1404.000,1.87292910E+4,
1405.000,1.95591992E+4,
1406.000,1.94655215E+4,
1407.000,1.94644551E+4,
1408.000,1.98099980E+4,
1409.000,1.99501016E+4,
1410.00,2.03140684E+4,
1411.000,1.99312520E+4,
1412.000,1.99665352E+4,
1413.000,2.06798047E+4,
1414.000,2.09959922E+4,
1415.000,2.12357559E+4,
1416.000,2.10364141E+4,
1417.000,2.11391543E+4,
1418.000,2.17470000E+4,
1419.000,2.20417188E+4,
1420.00,2.19760957E+4,
1421.000,2.21676113E+4,
1422.000,2.22599375E+4,
1423.000,2.25292070E+4,
1424.000,2.28587598E+4,
1425.000,2.27484746E+4,
1426.000,2.31566680E+4,
1427.000,2.30080820E+4,
1428.000,2.35210898E+4,
1429.000,2.34576426E+4,
1430.00,2.41172695E+4,
1431.000,2.40325488E+4,
1432.000,2.43039688E+4,
1433.000,2.46593184E+4,
1434.000,2.46397832E+4,
1435.000,2.49014980E+4,
1436.000,2.48937461E+4,
1437.000,2.50078184E+4,
1438.000,2.55022773E+4,
1439.000,2.56965488E+4,
1440.00,2.57998008E+4,
1441.000,2.57891074E+4,
1442.000,2.63455898E+4,
1443.000,2.62710957E+4,
1444.000,2.62547500E+4,
1445.000,2.67457285E+4,
1446.000,2.72156582E+4,
1447.000,2.71756504E+4,
1448.000,2.70147832E+4,
1449.000,2.72073477E+4,
1450.00,2.73946309E+4,
1451.000,2.77973340E+4,
1452.000,2.78401230E+4,
1453.000,2.79824355E+4,
1454.000,2.78688633E+4,
1455.000,2.83831621E+4,
1456.000,2.83919316E+4,
1457.000,2.84325000E+4,
1458.000,2.84540938E+4,
1459.000,2.88508477E+4,
1460.00,2.88307344E+4,
1461.000,2.92713242E+4,
1462.000,2.93890254E+4,
1463.000,2.93392266E+4,
1464.000,2.99066230E+4,
1465.000,2.97214395E+4,
1466.000,2.97841406E+4,
1467.000,3.00540430E+4,
1468.000,2.98661289E+4,
1469.000,3.04320137E+4,
1470.00,3.05317500E+4,
1471.000,3.09307559E+4,
1472.000,3.10570879E+4,
1473.000,3.10852949E+4,
1474.000,3.11495625E+4,
1475.000,3.10976172E+4,
1476.000,3.12775449E+4,
1477.000,3.15432910E+4,
1478.000,3.13720469E+4,
1479.000,3.18065527E+4,
1480.00,3.17043887E+4,
1481.000,3.17231465E+4,
1482.000,3.19583809E+4,
1483.000,3.21100977E+4,
1484.000,3.20020508E+4,
1485.000,3.21713379E+4,
1486.000,3.23778457E+4,
1487.000,3.21072227E+4,
1488.000,3.23011055E+4,
1489.000,3.25937480E+4,
1490.00,3.26479512E+4,
1491.000,3.28505234E+4,
1492.000,3.28398789E+4,
1493.000,3.30273828E+4,
1494.000,3.29329844E+4,
1495.000,3.29980273E+4,
1496.000,3.32157813E+4,
1497.000,3.32855547E+4,
1498.000,3.34199258E+4,
1499.000,3.36601797E+4,
1500.00,3.33501563E+4,
1501.000,3.36461836E+4,
1502.000,3.35843008E+4,
1503.000,3.35392031E+4,
1504.000,3.36802422E+4,
1505.000,3.38385859E+4,
1506.000,3.34952188E+4,
1507.000,3.38618828E+4,
1508.000,3.39414922E+4,
1509.000,3.39131758E+4,
1510.00,3.38197266E+4,
1511.000,3.38175898E+4,
1512.000,3.40050000E+4,
1513.000,3.41470234E+4,
1514.000,3.38269609E+4,
1515.000,3.43331563E+4,
1516.000,3.40191641E+4,
1517.000,3.41588125E+4,
1518.000,3.42949922E+4,
1519.000,3.41996211E+4,
1520.00,3.41350625E+4,
1521.000,3.41581797E+4,
1522.000,3.43468984E+4,
1523.000,3.42427344E+4,
1524.000,3.40812109E+4,
1525.000,3.42480273E+4,
1526.000,3.45473242E+4,
1527.000,3.43053516E+4,
1528.000,3.41953633E+4,
1529.000,3.45155000E+4,
1530.00,3.43072656E+4,
1531.000,3.39686914E+4,
1532.000,3.41800352E+4,
1533.000,3.42281602E+4,
1534.000,3.40834492E+4,
1535.000,3.44121953E+4,
1536.000,3.43680938E+4,
1537.000,3.38434883E+4,
1538.000,3.39211094E+4,
1539.000,3.41320391E+4,
1540.00,3.39981641E+4,
1541.000,3.37390508E+4,
1542.000,3.40814805E+4,
1543.000,3.39587578E+4,
1544.000,3.38394648E+4,
1545.000,3.39296563E+4,
1546.000,3.37151836E+4,
1547.000,3.35202734E+4,
1548.000,3.34304922E+4,
1549.000,3.39685586E+4,
1550.00,3.37130703E+4,
1551.000,3.36466641E+4,
1552.000,3.35368008E+4,
1553.000,3.35632813E+4,
1554.000,3.36152539E+4,
1555.000,3.33832773E+4,
1556.000,3.30633398E+4,
1557.000,3.31543438E+4,
1558.000,3.31441328E+4,
1559.000,3.31208672E+4,
1560.00,3.30048555E+4,
1561.000,3.29431641E+4,
1562.000,3.26076426E+4,
1563.000,3.30702031E+4,
1564.000,3.26786289E+4,
1565.000,3.27216582E+4,
1566.000,3.23638242E+4,
1567.000,3.27168770E+4,
1568.000,3.24606973E+4,
1569.000,3.21730410E+4,
1570.00,3.20930488E+4,
1571.000,3.19441094E+4,
1572.000,3.20616582E+4,
1573.000,3.22329863E+4,
1574.000,3.19925293E+4,
1575.000,3.16808438E+4,
1576.000,3.17240352E+4,
1577.000,3.16253965E+4,
1578.000,3.17212559E+4,
1579.000,3.14789824E+4,
1580.00,3.14263555E+4,
1581.000,3.12201738E+4,
1582.000,3.11695586E+4,
1583.000,3.10536543E+4,
1584.000,3.09810039E+4,
1585.000,3.12556563E+4,
1586.000,3.09283262E+4,
1587.000,3.06690605E+4,
1588.000,3.05863184E+4,
1589.000,3.04011191E+4,
1590.00,3.01199609E+4,
1591.000,3.02397227E+4,
1592.000,3.02330391E+4,
1593.000,3.01757500E+4,
1594.000,2.98480762E+4,
1595.000,3.01561523E+4,
1596.000,2.99342715E+4,
1597.000,2.96505039E+4,
1598.000,2.96439922E+4,
1599.000,2.93372578E+4,
1600.00,2.90546621E+4,
1601.000,2.90193477E+4,
1602.000,2.93339063E+4,
1603.000,2.90976504E+4,
1604.000,2.86673652E+4,
1605.000,2.91137129E+4,
1606.000,2.87804629E+4,
1607.000,2.87468633E+4,
1608.000,2.86849551E+4,
1609.000,2.87679180E+4,
1610.00,2.80822031E+4,
1611.000,2.79238164E+4,
1612.000,2.79374375E+4,
1613.000,2.79479883E+4,
1614.000,2.78757109E+4,
1615.000,2.79533320E+4,
1616.000,2.78060879E+4,
1617.000,2.71669980E+4,
1618.000,2.73110527E+4,
1619.000,2.72326230E+4,
1620.00,2.74776270E+4,
1621.000,2.72174941E+4,
1622.000,2.69260801E+4,
1623.000,2.68593320E+4,
1624.000,2.70353730E+4,
1625.000,2.69963594E+4,
1626.000,2.68496133E+4,
1627.000,2.64952246E+4,
1628.000,2.67016660E+4,
1629.000,2.66421055E+4,
1630.00,2.61495664E+4,
1631.000,2.65484395E+4,
1632.000,2.65476504E+4,
1633.000,2.67105156E+4,
1634.000,2.61618828E+4,
1635.000,2.63190195E+4,
1636.000,2.65070137E+4,
1637.000,2.64991855E+4,
1638.000,2.65466367E+4,
1639.000,2.67765293E+4,
1640.00,2.67602324E+4,
1641.000,2.63648613E+4,
1642.000,2.63792598E+4,
1643.000,2.67887207E+4,
1644.000,2.65792754E+4,
1645.000,2.59235332E+4,
1646.000,2.58723359E+4,
1647.000,2.54278359E+4,
1648.000,2.59733320E+4,
1649.000,2.57530605E+4,
1650.00,2.57649727E+4,
1651.000,2.52356504E+4,
1652.000,2.55131348E+4,
1653.000,2.45793008E+4,
1654.000,2.46650273E+4,
1655.000,2.52775117E+4,
1656.000,2.40472305E+4,
1657.000,2.53013926E+4,
1658.000,2.42365273E+4,
1659.000,2.43911094E+4,
1660.00,2.41861289E+4,
1661.000,2.30753086E+4,
1662.000,2.41074355E+4,
1663.000,2.35731855E+4,
1664.000,2.37222461E+4,
1665.000,2.30100352E+4,
1666.000,2.26771270E+4,
1667.000,2.23929707E+4,
1668.000,2.39563105E+4,
1669.000,2.34541367E+4,
1670.00,2.29866973E+4,
1671.000,2.20775566E+4,
1672.000,2.15491094E+4,
1673.000,2.35288555E+4,
1674.000,1.86714844E+4,
1675.000,2.26138965E+4,
1676.000,2.09025078E+4,
1677.000,2.14601270E+4,
1678.000,2.14999805E+4,
1679.000,1.85576211E+4,
1680.00,2.02829980E+4,
1681.000,1.83713574E+4,
1682.000,2.31168457E+4,
1683.000,2.04021563E+4,
1684.000,2.23627227E+4,
1685.000,2.28253145E+4,
1686.000,1.85421758E+4,
1687.000,1.56434268E+4,
1688.000,1.86972949E+4,
1689.000,2.01629160E+4,
1690.00,1.95018809E+4,
1691.000,2.02687168E+4,
1692.000,1.86574727E+4,
1693.000,1.54525791E+4,
1694.000,1.81826250E+4,
1695.000,2.25891777E+4,
1696.000,1.89855957E+4,
1697.000,2.07781543E+4,
1698.000,1.78141582E+4,
1699.000,1.45669131E+4,
1700.00,1.08600283E+4,
