Labels,800-EX,
Type,Excitation Scan,
Comment,,
Start,250.00,
Stop,780.00,
Step,1.00,
Fixed/Offset,800.00,
Xaxis,Wavelength,
Yaxis,Counts,
Scan Corr. by File,False,
Corr. by Ref. Det.,True,
Fixed/Offset Corr. by File,True,
Repeats,1,
Dwell Time,0.10,
Lamp,Xenon,
Temp,29.050,
Scan Polariser,None,
Scan Slit,4.0000019,
Fixed/Offset Polariser,None,
Fixed/Offset Slit,3.9999883,
Detector,Det2,

250.00,1.39369932E+4,
251.00,-1.31254004E+4,
252.00,1.53362617E+4,
253.00,1.53877656E+4,
254.00,9.09073340E+3,
255.00,-6.71154785E+3,
256.00,-4.81574463E+3,
257.00,1.50870479E+4,
258.00,4.04012061E+3,
259.00,8.12232080E+3,
260.00,1.10084053E+4,
261.00,8.74207910E+3,
262.00,7.10679883E+3,
263.00,5.12168408E+3,
264.00,1.17455654E+4,
265.00,1.33368721E+4,
266.00,8.24987793E+3,
267.00,6.73694971E+3,
268.00,7.11319238E+3,
269.00,5.11532813E+3,
270.00,1.00597275E+4,
271.00,6.92391797E+3,
272.00,7.66961133E+3,
273.00,9.75209961E+3,
274.00,8.08251660E+3,
275.00,1.08332646E+4,
276.00,7.69568994E+3,
277.00,1.01638857E+4,
278.00,1.09048135E+4,
279.00,1.31341299E+4,
280.00,9.34302344E+3,
281.00,1.10203965E+4,
282.00,1.16227822E+4,
283.00,1.07227461E+4,
284.00,1.03624180E+4,
285.00,9.04993652E+3,
286.00,1.06923213E+4,
287.00,1.03084150E+4,
288.00,1.14170850E+4,
289.00,1.31235195E+4,
290.00,1.08810938E+4,
291.00,1.10163125E+4,
292.00,9.24465039E+3,
293.00,9.20813770E+3,
294.00,9.79248242E+3,
295.00,1.06595840E+4,
296.00,9.10966602E+3,
297.00,9.36914648E+3,
298.00,9.77408203E+3,
299.00,9.41135645E+3,
300.00,8.65421973E+3,
301.00,7.78133154E+3,
302.00,8.11885303E+3,
303.00,7.48886816E+3,
304.00,7.06058105E+3,
305.00,6.43907959E+3,
306.00,6.37770557E+3,
307.00,6.30032324E+3,
308.00,5.13319629E+3,
309.00,4.69184521E+3,
310.00,3.74392285E+3,
311.00,4.32020557E+3,
312.00,4.56152393E+3,
313.00,3.56865918E+3,
314.00,4.35168848E+3,
315.00,2.91022559E+3,
316.00,3.46705225E+3,
317.00,2.76472583E+3,
318.00,2.42170605E+3,
319.00,2.76285962E+3,
320.00,2.54632910E+3,
321.00,2.26976709E+3,
322.00,1.87893140E+3,
323.00,1.63288367E+3,
324.00,2.06735376E+3,
325.00,1.75002136E+3,
326.00,1.92089563E+3,
327.00,1.26245410E+3,
328.00,1.10794360E+3,
329.00,1.29902393E+3,
330.00,1.38573743E+3,
331.00,1.11693726E+3,
332.00,8.96136169E+2,
333.00,1.00306854E+3,
334.00,1.11639575E+3,
335.00,4.96688568E+2,
336.00,7.64781006E+2,
337.00,5.78753174E+2,
338.00,3.91220123E+2,
339.00,8.45218201E+2,
340.00,3.21491730E+2,
341.00,6.00917419E+2,
342.00,5.62630615E+2,
343.00,4.54303772E+2,
344.00,7.95443359E+2,
345.00,6.24788635E+2,
346.00,3.10722778E+2,
347.00,4.88490509E+2,
348.00,4.60562256E+2,
349.00,8.30909424E+2,
350.00,3.27207733E+2,
351.00,3.70678833E+2,
352.00,4.67531738E+2,
353.00,2.53582916E+2,
354.00,2.24763519E+2,
355.00,4.78764557E+2,
356.00,4.69193207E+2,
357.00,4.57043091E+2,
358.00,4.87775452E+2,
359.00,5.58922180E+2,
360.00,4.93810974E+2,
361.00,5.04269836E+2,
362.00,3.58230316E+2,
363.00,3.09827789E+2,
364.00,5.40214233E+2,
365.00,6.47834900E+2,
366.00,8.42339844E+2,
367.00,8.89385437E+2,
368.00,8.01165405E+2,
369.00,9.04408264E+2,
370.00,8.91143433E+2,
371.00,1.15662927E+3,
372.00,1.11375232E+3,
373.00,1.49982410E+3,
374.00,1.48972937E+3,
375.00,1.58939709E+3,
376.00,1.63418103E+3,
377.00,2.21591333E+3,
378.00,2.28633813E+3,
379.00,2.56497852E+3,
380.00,2.74518262E+3,
381.00,2.84582715E+3,
382.00,3.11901611E+3,
383.00,3.28700586E+3,
384.00,3.52200708E+3,
385.00,4.24586230E+3,
386.00,4.30022363E+3,
387.00,4.57395361E+3,
388.00,4.85926807E+3,
389.00,5.03234082E+3,
390.00,5.51841748E+3,
391.00,6.02721826E+3,
392.00,6.32650977E+3,
393.00,6.68519287E+3,
394.00,7.33811328E+3,
395.00,7.55783252E+3,
396.00,8.16206787E+3,
397.00,8.47113770E+3,
398.00,8.76773926E+3,
399.00,9.15330566E+3,
400.00,9.94826953E+3,
401.00,1.04296680E+4,
402.00,1.13391240E+4,
403.00,1.15920771E+4,
404.00,1.19598848E+4,
405.00,1.25750615E+4,
406.00,1.34934033E+4,
407.00,1.42600967E+4,
408.00,1.51591084E+4,
409.00,1.53551914E+4,
410.00,1.64384277E+4,
411.00,1.72628262E+4,
412.00,1.74773613E+4,
413.00,1.84175684E+4,
414.00,1.90321758E+4,
415.00,2.00436152E+4,
416.00,2.11046953E+4,
417.00,2.19707207E+4,
418.00,2.25409785E+4,
419.00,2.33348379E+4,
420.00,2.44247227E+4,
421.00,2.53804219E+4,
422.00,2.58997070E+4,
423.00,2.68194336E+4,
424.00,2.74356602E+4,
425.00,2.86495117E+4,
426.00,2.93802910E+4,
427.00,2.93612031E+4,
428.00,3.09268848E+4,
429.00,3.19283281E+4,
430.00,3.27691836E+4,
431.00,3.29804219E+4,
432.00,3.36386992E+4,
433.00,3.46920781E+4,
434.00,3.55442734E+4,
435.00,3.57670664E+4,
436.00,3.65483281E+4,
437.00,3.73776016E+4,
438.00,3.78107773E+4,
439.00,3.82517461E+4,
440.00,3.93197305E+4,
441.00,3.92011836E+4,
442.00,3.99605547E+4,
443.00,4.07380469E+4,
444.00,4.14717656E+4,
445.00,4.15795469E+4,
446.00,4.23182891E+4,
447.00,4.19322734E+4,
448.00,4.23244492E+4,
449.00,4.25733320E+4,
450.00,4.28145742E+4,
451.00,4.32111875E+4,
452.00,4.35536367E+4,
453.00,4.35226758E+4,
454.00,4.41165156E+4,
455.00,4.37305625E+4,
456.00,4.35973320E+4,
457.00,4.37020469E+4,
458.00,4.30503008E+4,
459.00,4.33980469E+4,
460.00,4.37394766E+4,
461.00,4.30864375E+4,
462.00,4.30994141E+4,
463.00,4.28079297E+4,
464.00,4.22502344E+4,
465.00,4.22921953E+4,
466.00,4.23454336E+4,
467.00,4.23474961E+4,
468.00,4.19234102E+4,
469.00,4.18289805E+4,
470.00,4.16727461E+4,
471.00,4.11443633E+4,
472.00,4.09907578E+4,
473.00,4.07153477E+4,
474.00,4.05835039E+4,
475.00,4.08501875E+4,
476.00,4.04043359E+4,
477.00,3.97531016E+4,
478.00,3.98723320E+4,
479.00,3.95794023E+4,
480.00,3.83962305E+4,
481.00,3.83572109E+4,
482.00,3.79771992E+4,
483.00,3.69872070E+4,
484.00,3.68100430E+4,
485.00,3.71259141E+4,
486.00,3.67105313E+4,
487.00,3.58008555E+4,
488.00,3.51716719E+4,
489.00,3.47480664E+4,
490.00,3.42545547E+4,
491.00,3.35098984E+4,
492.00,3.25986230E+4,
493.00,3.28420039E+4,
494.00,3.22718672E+4,
495.00,3.18656484E+4,
496.00,3.07726172E+4,
497.00,3.06195195E+4,
498.00,3.00516504E+4,
499.00,2.88467969E+4,
500.00,2.84160879E+4,
501.00,2.78206328E+4,
502.00,2.77661934E+4,
503.00,2.71536230E+4,
504.00,2.57666875E+4,
505.00,2.48055625E+4,
506.00,2.47118008E+4,
507.00,2.38985566E+4,
508.00,2.29161211E+4,
509.00,2.29335449E+4,
510.00,2.13741699E+4,
511.00,2.10247246E+4,
512.00,2.08056445E+4,
513.00,1.98026465E+4,
514.00,1.96626387E+4,
515.00,1.86469727E+4,
516.00,1.78681992E+4,
517.00,1.77339023E+4,
518.00,1.66507754E+4,
519.00,1.60703154E+4,
520.00,1.55208867E+4,
521.00,1.48449414E+4,
522.00,1.42563027E+4,
523.00,1.39098145E+4,
524.00,1.33020439E+4,
525.00,1.32547275E+4,
526.00,1.28198828E+4,
527.00,1.20820957E+4,
528.00,1.19703320E+4,
529.00,1.14574980E+4,
530.00,1.20904805E+4,
531.00,1.07464775E+4,
532.00,1.06926074E+4,
533.00,1.07795879E+4,
534.00,1.00039346E+4,
535.00,1.01329150E+4,
536.00,9.93339844E+3,
537.00,9.82592383E+3,
538.00,9.69590234E+3,
539.00,9.82333984E+3,
540.00,9.45248145E+3,
541.00,9.29673828E+3,
542.00,9.29012207E+3,
543.00,9.41891895E+3,
544.00,9.03304395E+3,
545.00,9.28642480E+3,
546.00,9.06912305E+3,
547.00,8.92347754E+3,
548.00,9.36736621E+3,
549.00,9.56436035E+3,
550.00,9.62885059E+3,
551.00,9.75864551E+3,
552.00,1.03895088E+4,
553.00,1.02027725E+4,
554.00,1.00055078E+4,
555.00,1.04904248E+4,
556.00,1.10620615E+4,
557.00,1.12087441E+4,
558.00,1.07810566E+4,
559.00,1.12281953E+4,
560.00,1.18380273E+4,
561.00,1.14357520E+4,
562.00,1.27383516E+4,
563.00,1.28367617E+4,
564.00,1.29920186E+4,
565.00,1.33829766E+4,
566.00,1.35047871E+4,
567.00,1.35798506E+4,
568.00,1.43593291E+4,
569.00,1.43058779E+4,
570.00,1.46810742E+4,
571.00,1.51675215E+4,
572.00,1.53702969E+4,
573.00,1.59779551E+4,
574.00,1.63722764E+4,
575.00,1.70437813E+4,
576.00,1.69755605E+4,
577.00,1.72175527E+4,
578.00,1.73198965E+4,
579.00,1.76108027E+4,
580.00,1.86627871E+4,
581.00,1.90923516E+4,
582.00,1.87954473E+4,
583.00,1.95577148E+4,
584.00,1.91115742E+4,
585.00,2.00942266E+4,
586.00,2.04298320E+4,
587.00,2.08656133E+4,
588.00,2.07367695E+4,
589.00,2.14097344E+4,
590.00,2.12980469E+4,
591.00,2.18470273E+4,
592.00,2.22682168E+4,
593.00,2.27047031E+4,
594.00,2.28994902E+4,
595.00,2.31140117E+4,
596.00,2.26678262E+4,
597.00,2.34690898E+4,
598.00,2.39285195E+4,
599.00,2.46996113E+4,
600.00,2.47093438E+4,
601.00,2.40276680E+4,
602.00,2.51434727E+4,
603.00,2.48290234E+4,
604.00,2.59983418E+4,
605.00,2.47226699E+4,
606.00,2.51338906E+4,
607.00,2.58868496E+4,
608.00,2.56928594E+4,
609.00,2.59454453E+4,
610.00,2.65555039E+4,
611.00,2.61090918E+4,
612.00,2.63917676E+4,
613.00,2.69015254E+4,
614.00,2.71147559E+4,
615.00,2.68967285E+4,
616.00,2.66019609E+4,
617.00,2.60018848E+4,
618.00,2.81169805E+4,
619.00,2.74212266E+4,
620.00,2.73856543E+4,
621.00,2.79856289E+4,
622.00,2.73569414E+4,
623.00,2.68449336E+4,
624.00,2.68196270E+4,
625.00,2.75285332E+4,
626.00,2.73544023E+4,
627.00,2.73820566E+4,
628.00,2.74805156E+4,
629.00,2.75075996E+4,
630.00,2.81858047E+4,
631.00,2.77332422E+4,
632.00,2.69239746E+4,
633.00,2.74547246E+4,
634.00,2.69929102E+4,
635.00,2.73042383E+4,
636.00,2.68129727E+4,
637.00,2.57179629E+4,
638.00,2.74950664E+4,
639.00,2.60794707E+4,
640.00,2.67531895E+4,
641.00,2.57736055E+4,
642.00,2.42178047E+4,
643.00,2.64080430E+4,
644.00,2.57407441E+4,
645.00,2.46327031E+4,
646.00,2.48215020E+4,
647.00,2.41466934E+4,
648.00,2.40662285E+4,
649.00,2.32504688E+4,
650.00,2.38017344E+4,
651.00,2.27848203E+4,
652.00,2.32932871E+4,
653.00,2.25667539E+4,
654.00,2.23785410E+4,
655.00,2.21148262E+4,
656.00,2.31419473E+4,
657.00,2.10118945E+4,
658.00,2.09157441E+4,
659.00,2.14646680E+4,
660.00,2.02433223E+4,
661.00,1.94245605E+4,
662.00,1.86919824E+4,
663.00,1.81969297E+4,
664.00,1.91052539E+4,
665.00,1.88722734E+4,
666.00,1.72860840E+4,
667.00,1.76709277E+4,
668.00,1.74913438E+4,
669.00,1.59550703E+4,
670.00,1.66840684E+4,
671.00,1.53333379E+4,
672.00,1.49388477E+4,
673.00,1.55809736E+4,
674.00,1.60866348E+4,
675.00,1.54131816E+4,
676.00,1.50518535E+4,
677.00,1.42574990E+4,
678.00,1.44371445E+4,
679.00,1.41030723E+4,
680.00,1.35186318E+4,
681.00,1.27777158E+4,
682.00,1.33513359E+4,
683.00,1.28826855E+4,
684.00,1.26088203E+4,
685.00,1.21182627E+4,
686.00,1.23784658E+4,
687.00,1.12683438E+4,
688.00,1.02056084E+4,
689.00,1.08487373E+4,
690.00,1.10547305E+4,
691.00,9.76173828E+3,
692.00,9.90120410E+3,
693.00,9.94588477E+3,
694.00,9.52849316E+3,
695.00,9.44518164E+3,
696.00,1.06991602E+4,
697.00,1.03559756E+4,
698.00,9.22443555E+3,
699.00,9.09585645E+3,
700.00,8.01463574E+3,
701.00,8.51334277E+3,
702.00,7.48182324E+3,
703.00,7.97784619E+3,
704.00,7.21314014E+3,
705.00,7.68876807E+3,
706.00,7.34403516E+3,
707.00,6.94656836E+3,
708.00,7.20987207E+3,
709.00,6.93999512E+3,
710.00,5.89807617E+3,
711.00,6.60303125E+3,
712.00,6.11908838E+3,
713.00,6.27832520E+3,
714.00,5.38848535E+3,
715.00,5.73479834E+3,
716.00,5.81635791E+3,
717.00,5.28339404E+3,
718.00,4.53188428E+3,
719.00,5.56262451E+3,
720.00,4.71135205E+3,
721.00,5.18437354E+3,
722.00,5.31917041E+3,
723.00,4.42609229E+3,
724.00,4.71039551E+3,
725.00,3.38436646E+3,
726.00,3.20196851E+3,
727.00,2.76968848E+3,
728.00,4.62554883E+3,
729.00,3.21609961E+3,
730.00,3.73128955E+3,
731.00,3.65315527E+3,
732.00,3.80438940E+3,
733.00,2.80797656E+3,
734.00,3.40198755E+3,
735.00,2.67134619E+3,
736.00,2.80274756E+3,
737.00,3.08570068E+3,
738.00,3.07035205E+3,
739.00,3.13657153E+3,
740.00,3.07250684E+3,
741.00,2.82726489E+3,
742.00,2.56395190E+3,
743.00,2.71543774E+3,
744.00,3.32505664E+3,
745.00,2.14584473E+3,
746.00,3.06427490E+3,
747.00,3.42989209E+3,
748.00,2.27532446E+3,
749.00,2.00442029E+3,
750.00,2.53576074E+3,
751.00,2.90662036E+3,
752.00,2.55537744E+3,
753.00,3.40980835E+3,
754.00,2.04789905E+3,
755.00,1.95632031E+3,
756.00,2.89814063E+3,
757.00,3.80901709E+3,
758.00,2.85190625E+3,
759.00,1.53298169E+3,
760.00,1.79805237E+3,
761.00,2.05621924E+3,
762.00,2.58586255E+3,
763.00,2.82302148E+3,
764.00,2.30766309E+3,
765.00,2.33153174E+3,
766.00,3.22604907E+3,
767.00,3.22100415E+3,
768.00,3.58815112E+3,
769.00,3.35762817E+3,
770.00,3.67737109E+3,
771.00,3.60174146E+3,
772.00,4.75868115E+3,
773.00,4.73884180E+3,
774.00,4.94676660E+3,
775.00,4.04190503E+3,
776.00,4.62027637E+3,
777.00,4.87251758E+3,
778.00,5.90434668E+3,
779.00,6.28520313E+3,
780.00,5.66538867E+3,
