Labels,GA-IN-805-EX,
Type,Excitation Scan,
Comment,,
Start,280.00,
Stop,750.00,
Step,1.00,
Fixed/Offset,805.00,
Xaxis,Wavelength,
Yaxis,Counts,
Scan Corr. by File,False,
Corr. by Ref. Det.,True,
Fixed/Offset Corr. by File,True,
Repeats,1,
Dwell Time,0.10,
Lamp,Xenon,
Temp,0.00,
Scan Polariser,None,
Scan Slit,2.4999950,
Fixed/Offset Polariser,None,
Fixed/Offset Slit,2.4999220,
Detector,Det2,

280.00,8.00858750E+4,
281.00,9.51080234E+4,
282.00,1.07725492E+5,
283.00,1.22208602E+5,
284.00,1.28973875E+5,
285.00,1.36286313E+5,
286.00,1.42691000E+5,
287.00,1.49053969E+5,
288.00,1.52587297E+5,
289.00,1.52927938E+5,
290.00,1.55948813E+5,
291.00,1.61316031E+5,
292.00,1.62225922E+5,
293.00,1.70296984E+5,
294.00,1.67928531E+5,
295.00,1.68504484E+5,
296.00,1.75309531E+5,
297.00,1.72136172E+5,
298.00,1.72111688E+5,
299.00,1.77111453E+5,
300.00,1.71213031E+5,
301.00,1.69808813E+5,
302.00,1.69510125E+5,
303.00,1.70589094E+5,
304.00,1.71160313E+5,
305.00,1.71295469E+5,
306.00,1.69449563E+5,
307.00,1.66946547E+5,
308.00,1.64978156E+5,
309.00,1.59445219E+5,
310.00,1.61921875E+5,
311.00,1.59494563E+5,
312.00,1.55963922E+5,
313.00,1.51767281E+5,
314.00,1.51452266E+5,
315.00,1.45986609E+5,
316.00,1.41028625E+5,
317.00,1.43085141E+5,
318.00,1.39380906E+5,
319.00,1.32906953E+5,
320.00,1.32472141E+5,
321.00,1.29575156E+5,
322.00,1.26442789E+5,
323.00,1.25239789E+5,
324.00,1.21006602E+5,
325.00,1.17226773E+5,
326.00,1.12343602E+5,
327.00,1.09479609E+5,
328.00,1.06694828E+5,
329.00,1.04575203E+5,
330.00,1.00588570E+5,
331.00,9.54869063E+4,
332.00,9.23057266E+4,
333.00,8.93590234E+4,
334.00,8.51762891E+4,
335.00,8.26575078E+4,
336.00,7.74768828E+4,
337.00,7.52970234E+4,
338.00,7.19709297E+4,
339.00,6.89543203E+4,
340.00,6.39927852E+4,
341.00,6.24897070E+4,
342.00,5.95174141E+4,
343.00,5.56690742E+4,
344.00,5.26606641E+4,
345.00,4.96503984E+4,
346.00,4.67977109E+4,
347.00,4.38375000E+4,
348.00,4.16092578E+4,
349.00,3.92933867E+4,
350.00,3.61595352E+4,
351.00,3.44955898E+4,
352.00,3.25868145E+4,
353.00,3.06277422E+4,
354.00,2.86296152E+4,
355.00,2.67585898E+4,
356.00,2.52929746E+4,
357.00,2.38234102E+4,
358.00,2.20902695E+4,
359.00,2.16348809E+4,
360.00,2.01049766E+4,
361.00,1.94374297E+4,
362.00,1.77985898E+4,
363.00,1.72617363E+4,
364.00,1.65067969E+4,
365.00,1.54581533E+4,
366.00,1.59126592E+4,
367.00,1.40798486E+4,
368.00,1.49511211E+4,
369.00,1.37150840E+4,
370.00,1.35116270E+4,
371.00,1.41522539E+4,
372.00,1.45213682E+4,
373.00,1.42413994E+4,
374.00,1.47862129E+4,
375.00,1.57406328E+4,
376.00,1.63094736E+4,
377.00,1.70726621E+4,
378.00,1.79402656E+4,
379.00,1.98071523E+4,
380.00,2.05569043E+4,
381.00,2.23506797E+4,
382.00,2.50262070E+4,
383.00,2.63667305E+4,
384.00,2.79240664E+4,
385.00,3.08075391E+4,
386.00,3.34992031E+4,
387.00,3.64941406E+4,
388.00,3.92332539E+4,
389.00,4.33287813E+4,
390.00,4.63493516E+4,
391.00,4.96775273E+4,
392.00,5.44821563E+4,
393.00,5.85044141E+4,
394.00,6.26410938E+4,
395.00,6.77508047E+4,
396.00,7.35892266E+4,
397.00,7.70563828E+4,
398.00,8.19493750E+4,
399.00,8.72336250E+4,
400.00,9.46659844E+4,
401.00,9.87875313E+4,
402.00,1.05576195E+5,
403.00,1.11813898E+5,
404.00,1.17405438E+5,
405.00,1.24303508E+5,
406.00,1.30550492E+5,
407.00,1.38725172E+5,
408.00,1.44388078E+5,
409.00,1.52215766E+5,
410.00,1.57842453E+5,
411.00,1.66072203E+5,
412.00,1.72599281E+5,
413.00,1.75493594E+5,
414.00,1.83834375E+5,
415.00,1.89236984E+5,
416.00,1.96575750E+5,
417.00,2.05268500E+5,
418.00,2.10233828E+5,
419.00,2.16667078E+5,
420.00,2.22577078E+5,
421.00,2.29990000E+5,
422.00,2.34154891E+5,
423.00,2.40893953E+5,
424.00,2.47209922E+5,
425.00,2.54886453E+5,
426.00,2.59344766E+5,
427.00,2.67399531E+5,
428.00,2.69693938E+5,
429.00,2.72777469E+5,
430.00,2.80878906E+5,
431.00,2.85642469E+5,
432.00,2.91645250E+5,
433.00,2.95399531E+5,
434.00,2.98782500E+5,
435.00,3.02440125E+5,
436.00,3.07011969E+5,
437.00,3.08716406E+5,
438.00,3.15403438E+5,
439.00,3.17188031E+5,
440.00,3.18762313E+5,
441.00,3.20751125E+5,
442.00,3.28483500E+5,
443.00,3.31389375E+5,
444.00,3.26681188E+5,
445.00,3.33386594E+5,
446.00,3.33484469E+5,
447.00,3.36500188E+5,
448.00,3.38726000E+5,
449.00,3.41088531E+5,
450.00,3.41922844E+5,
451.00,3.38123188E+5,
452.00,3.38407938E+5,
453.00,3.39515938E+5,
454.00,3.42362344E+5,
455.00,3.41161656E+5,
456.00,3.39967594E+5,
457.00,3.39649219E+5,
458.00,3.37913438E+5,
459.00,3.38734438E+5,
460.00,3.40063000E+5,
461.00,3.37699781E+5,
462.00,3.36832813E+5,
463.00,3.32427563E+5,
464.00,3.29124875E+5,
465.00,3.32714188E+5,
466.00,3.32780719E+5,
467.00,3.25956656E+5,
468.00,3.23046156E+5,
469.00,3.21613406E+5,
470.00,3.21412750E+5,
471.00,3.21510813E+5,
472.00,3.21115563E+5,
473.00,3.17153188E+5,
474.00,3.12566469E+5,
475.00,3.12014281E+5,
476.00,3.11601563E+5,
477.00,3.07473438E+5,
478.00,3.07790313E+5,
479.00,3.04328063E+5,
480.00,3.02318750E+5,
481.00,2.97894188E+5,
482.00,2.95428438E+5,
483.00,2.93640813E+5,
484.00,2.88342625E+5,
485.00,2.85888656E+5,
486.00,2.83322344E+5,
487.00,2.81146406E+5,
488.00,2.78383719E+5,
489.00,2.74549219E+5,
490.00,2.72943656E+5,
491.00,2.66412844E+5,
492.00,2.60640563E+5,
493.00,2.58355406E+5,
494.00,2.55672063E+5,
495.00,2.51515734E+5,
496.00,2.47433531E+5,
497.00,2.43101031E+5,
498.00,2.36688891E+5,
499.00,2.34837953E+5,
500.00,2.28388391E+5,
501.00,2.23344813E+5,
502.00,2.19171953E+5,
503.00,2.16295906E+5,
504.00,2.08690969E+5,
505.00,2.03167703E+5,
506.00,2.00414469E+5,
507.00,1.93563984E+5,
508.00,1.90448891E+5,
509.00,1.83547531E+5,
510.00,1.80424375E+5,
511.00,1.74269234E+5,
512.00,1.68150266E+5,
513.00,1.65427063E+5,
514.00,1.58752266E+5,
515.00,1.54617250E+5,
516.00,1.50537938E+5,
517.00,1.45890953E+5,
518.00,1.39675063E+5,
519.00,1.35907063E+5,
520.00,1.33314563E+5,
521.00,1.28340555E+5,
522.00,1.22477992E+5,
523.00,1.18792664E+5,
524.00,1.15237578E+5,
525.00,1.10188742E+5,
526.00,1.07163484E+5,
527.00,1.02728367E+5,
528.00,9.98811719E+4,
529.00,9.66038125E+4,
530.00,9.28742578E+4,
531.00,8.99971250E+4,
532.00,8.70009688E+4,
533.00,8.50567500E+4,
534.00,8.31831250E+4,
535.00,7.87389453E+4,
536.00,7.72755234E+4,
537.00,7.54203047E+4,
538.00,7.24233672E+4,
539.00,7.07414219E+4,
540.00,6.93682969E+4,
541.00,6.78857578E+4,
542.00,6.68169141E+4,
543.00,6.51083281E+4,
544.00,6.42707695E+4,
545.00,6.31963984E+4,
546.00,6.26583125E+4,
547.00,6.44746992E+4,
548.00,6.19183242E+4,
549.00,6.18699375E+4,
550.00,6.14149766E+4,
551.00,6.11580781E+4,
552.00,6.31557734E+4,
553.00,6.32012383E+4,
554.00,6.40789063E+4,
555.00,6.38066250E+4,
556.00,6.52968516E+4,
557.00,6.69171250E+4,
558.00,6.91263438E+4,
559.00,6.90120625E+4,
560.00,7.03859844E+4,
561.00,7.17227344E+4,
562.00,7.33417109E+4,
563.00,7.50802891E+4,
564.00,7.70640781E+4,
565.00,7.75681406E+4,
566.00,7.95693438E+4,
567.00,8.25043203E+4,
568.00,8.44031641E+4,
569.00,8.65271016E+4,
570.00,9.00988906E+4,
571.00,9.01414453E+4,
572.00,9.25047266E+4,
573.00,9.54565313E+4,
574.00,9.93542813E+4,
575.00,1.01347500E+5,
576.00,1.02739539E+5,
577.00,1.05435109E+5,
578.00,1.08732625E+5,
579.00,1.10700703E+5,
580.00,1.14804008E+5,
581.00,1.17309992E+5,
582.00,1.19113297E+5,
583.00,1.21267508E+5,
584.00,1.23422156E+5,
585.00,1.25315109E+5,
586.00,1.29121250E+5,
587.00,1.31011180E+5,
588.00,1.34369422E+5,
589.00,1.37626344E+5,
590.00,1.40090188E+5,
591.00,1.41794625E+5,
592.00,1.42856766E+5,
593.00,1.46296578E+5,
594.00,1.49984219E+5,
595.00,1.52644203E+5,
596.00,1.54622406E+5,
597.00,1.56179563E+5,
598.00,1.60167719E+5,
599.00,1.62632078E+5,
600.00,1.61846875E+5,
601.00,1.67947719E+5,
602.00,1.69783219E+5,
603.00,1.71461781E+5,
604.00,1.71302234E+5,
605.00,1.75051344E+5,
606.00,1.76600500E+5,
607.00,1.76229063E+5,
608.00,1.81516531E+5,
609.00,1.82718641E+5,
610.00,1.85103328E+5,
611.00,1.87600750E+5,
612.00,1.87536266E+5,
613.00,1.88582297E+5,
614.00,1.90722984E+5,
615.00,1.93142563E+5,
616.00,1.90261828E+5,
617.00,1.93162984E+5,
618.00,1.95112422E+5,
619.00,1.96861328E+5,
620.00,1.99600969E+5,
621.00,1.97015000E+5,
622.00,1.99248781E+5,
623.00,2.02013359E+5,
624.00,1.98076156E+5,
625.00,2.03299047E+5,
626.00,2.03861641E+5,
627.00,2.01753344E+5,
628.00,2.08265938E+5,
629.00,2.05595516E+5,
630.00,2.03592391E+5,
631.00,2.03399188E+5,
632.00,2.06697891E+5,
633.00,2.06163766E+5,
634.00,2.05840781E+5,
635.00,2.07838984E+5,
636.00,2.02817219E+5,
637.00,2.02159141E+5,
638.00,2.03544234E+5,
639.00,2.03599047E+5,
640.00,2.01467328E+5,
641.00,2.00455859E+5,
642.00,2.04560203E+5,
643.00,2.04500516E+5,
644.00,1.99049984E+5,
645.00,1.96904188E+5,
646.00,1.99197281E+5,
647.00,1.97450844E+5,
648.00,1.95560219E+5,
649.00,1.99128844E+5,
650.00,1.96355922E+5,
651.00,1.90606750E+5,
652.00,1.88065781E+5,
653.00,1.90231844E+5,
654.00,1.88599000E+5,
655.00,1.87181313E+5,
656.00,1.84579781E+5,
657.00,1.82103938E+5,
658.00,1.80727547E+5,
659.00,1.77835875E+5,
660.00,1.76816844E+5,
661.00,1.78683969E+5,
662.00,1.79367422E+5,
663.00,1.72235141E+5,
664.00,1.71149734E+5,
665.00,1.68142250E+5,
666.00,1.68536688E+5,
667.00,1.67767219E+5,
668.00,1.64998531E+5,
669.00,1.61005656E+5,
670.00,1.60910094E+5,
671.00,1.55410813E+5,
672.00,1.59514203E+5,
673.00,1.56381672E+5,
674.00,1.52641328E+5,
675.00,1.51864484E+5,
676.00,1.48372938E+5,
677.00,1.50201281E+5,
678.00,1.45505359E+5,
679.00,1.44458734E+5,
680.00,1.48736297E+5,
681.00,1.44983172E+5,
682.00,1.44246734E+5,
683.00,1.43627406E+5,
684.00,1.36947094E+5,
685.00,1.35633141E+5,
686.00,1.34873344E+5,
687.00,1.30187328E+5,
688.00,1.25909414E+5,
689.00,1.25809773E+5,
690.00,1.23463383E+5,
691.00,1.19912047E+5,
692.00,1.23628844E+5,
693.00,1.24354734E+5,
694.00,1.19855883E+5,
695.00,1.20948359E+5,
696.00,1.15274156E+5,
697.00,1.15280109E+5,
698.00,1.09834617E+5,
699.00,1.11398750E+5,
700.00,1.09543133E+5,
701.00,1.04935094E+5,
702.00,1.02201328E+5,
703.00,1.01062891E+5,
704.00,9.63064375E+4,
705.00,9.14267891E+4,
706.00,8.93631484E+4,
707.00,8.75499922E+4,
708.00,8.36188125E+4,
709.00,8.17260625E+4,
710.00,8.00676016E+4,
711.00,7.46968281E+4,
712.00,7.30771719E+4,
713.00,7.41543828E+4,
714.00,6.98379219E+4,
715.00,6.89140391E+4,
716.00,6.40798828E+4,
717.00,6.13802930E+4,
718.00,6.25006445E+4,
719.00,6.00060000E+4,
720.00,5.88754609E+4,
721.00,5.73512305E+4,
722.00,5.51087461E+4,
723.00,5.02005273E+4,
724.00,4.85208438E+4,
725.00,4.53352695E+4,
726.00,4.53953164E+4,
727.00,4.29078398E+4,
728.00,4.09179531E+4,
729.00,3.89968672E+4,
730.00,3.99466602E+4,
731.00,3.71368984E+4,
732.00,3.41915625E+4,
733.00,3.25864121E+4,
734.00,3.06469336E+4,
735.00,3.26724844E+4,
736.00,3.09768984E+4,
737.00,2.58173965E+4,
738.00,2.69861328E+4,
739.00,2.42128555E+4,
740.00,2.43592363E+4,
741.00,2.34419590E+4,
742.00,2.18482910E+4,
743.00,2.06097422E+4,
744.00,1.90030215E+4,
745.00,2.08428066E+4,
746.00,1.88106660E+4,
747.00,1.87421777E+4,
748.00,1.49655244E+4,
749.00,1.43552314E+4,
750.00,1.31944033E+4,
