Labels,Ge-Sn-760-ex,
Type,Excitation Scan,
Comment,,
Start,280.00,
Stop,750.00,
Step,1.00,
Fixed/Offset,760.00,
Xaxis,Wavelength,
Yaxis,Counts,
Scan Corr. by File,False,
Corr. by Ref. Det.,True,
Fixed/Offset Corr. by File,True,
Repeats,1,
Dwell Time,0.10,
Lamp,Xenon,
Temp,0.00,
Scan Polariser,None,
Scan Slit,2.4999950,
Fixed/Offset Polariser,None,
Fixed/Offset Slit,2.4999220,
Detector,Det2,

280.00,5.65249297E+4,
281.00,6.45122734E+4,
282.00,6.56235703E+4,
283.00,7.23116797E+4,
284.00,6.80245547E+4,
285.00,7.47362344E+4,
286.00,7.04308359E+4,
287.00,6.90887734E+4,
288.00,7.32273906E+4,
289.00,7.55436094E+4,
290.00,7.07284297E+4,
291.00,6.91767969E+4,
292.00,6.86421016E+4,
293.00,6.67947109E+4,
294.00,6.67445938E+4,
295.00,5.94975664E+4,
296.00,6.05299297E+4,
297.00,5.92230742E+4,
298.00,5.21726328E+4,
299.00,5.18704570E+4,
300.00,4.82182383E+4,
301.00,4.47769805E+4,
302.00,4.25095391E+4,
303.00,4.17146367E+4,
304.00,3.88333672E+4,
305.00,3.65641328E+4,
306.00,3.40702617E+4,
307.00,2.83616680E+4,
308.00,2.81760020E+4,
309.00,2.78769492E+4,
310.00,2.42741895E+4,
311.00,2.27063789E+4,
312.00,2.23233145E+4,
313.00,2.11807754E+4,
314.00,1.91147949E+4,
315.00,1.74885234E+4,
316.00,1.73494297E+4,
317.00,1.55888213E+4,
318.00,1.31838369E+4,
319.00,1.32182998E+4,
320.00,1.21602598E+4,
321.00,1.11997461E+4,
322.00,1.11766846E+4,
323.00,9.92039844E+3,
324.00,8.59179004E+3,
325.00,7.97232666E+3,
326.00,7.13643018E+3,
327.00,6.94506055E+3,
328.00,6.43789355E+3,
329.00,6.01227051E+3,
330.00,5.41430811E+3,
331.00,4.73808984E+3,
332.00,4.63512598E+3,
333.00,4.04757153E+3,
334.00,4.05140918E+3,
335.00,3.05995386E+3,
336.00,2.88659375E+3,
337.00,2.46772314E+3,
338.00,2.60779321E+3,
339.00,2.73331323E+3,
340.00,2.19889282E+3,
341.00,1.62331042E+3,
342.00,1.81060376E+3,
343.00,1.95230798E+3,
344.00,1.58477441E+3,
345.00,1.13784888E+3,
346.00,1.17249011E+3,
347.00,1.49179712E+3,
348.00,9.05574890E+2,
349.00,1.12480005E+3,
350.00,9.65570007E+2,
351.00,7.64464111E+2,
352.00,5.53685608E+2,
353.00,7.88531311E+2,
354.00,3.68748169E+2,
355.00,8.09235779E+2,
356.00,9.81696655E+2,
357.00,3.04707489E+2,
358.00,8.64524780E+2,
359.00,5.45571289E+2,
360.00,7.54290955E+2,
361.00,8.56971985E+2,
362.00,1.18472791E+3,
363.00,7.41854614E+2,
364.00,5.04723602E+2,
365.00,1.06144812E+3,
366.00,6.42987915E+2,
367.00,5.43878052E+2,
368.00,4.11879059E+2,
369.00,1.69430005E+3,
370.00,1.04567920E+3,
371.00,1.16806482E+3,
372.00,1.02806494E+3,
373.00,1.55619177E+3,
374.00,1.62481958E+3,
375.00,2.51457300E+3,
376.00,1.93804431E+3,
377.00,2.19583569E+3,
378.00,2.97313330E+3,
379.00,3.26798096E+3,
380.00,3.88034692E+3,
381.00,4.11621094E+3,
382.00,4.34867285E+3,
383.00,5.07935205E+3,
384.00,6.24704688E+3,
385.00,6.83079541E+3,
386.00,6.98759180E+3,
387.00,8.12584668E+3,
388.00,9.10082422E+3,
389.00,1.01992070E+4,
390.00,1.07222725E+4,
391.00,1.25355225E+4,
392.00,1.32961270E+4,
393.00,1.53631191E+4,
394.00,1.69165039E+4,
395.00,1.72628105E+4,
396.00,1.89089961E+4,
397.00,2.16795410E+4,
398.00,2.31491836E+4,
399.00,2.48471367E+4,
400.00,2.66757480E+4,
401.00,2.87876602E+4,
402.00,3.15689102E+4,
403.00,3.46683398E+4,
404.00,3.72333359E+4,
405.00,3.99295898E+4,
406.00,4.27663789E+4,
407.00,4.57323633E+4,
408.00,4.88082930E+4,
409.00,5.12464375E+4,
410.00,5.70786484E+4,
411.00,5.85942734E+4,
412.00,6.25249727E+4,
413.00,6.74524375E+4,
414.00,7.03136094E+4,
415.00,7.43572969E+4,
416.00,7.69614922E+4,
417.00,8.20350625E+4,
418.00,8.39576094E+4,
419.00,9.00934531E+4,
420.00,9.37535391E+4,
421.00,9.66160859E+4,
422.00,1.00289742E+5,
423.00,1.05343367E+5,
424.00,1.07774711E+5,
425.00,1.11118391E+5,
426.00,1.16692422E+5,
427.00,1.19015094E+5,
428.00,1.22059906E+5,
429.00,1.25176063E+5,
430.00,1.31559750E+5,
431.00,1.34676609E+5,
432.00,1.36356094E+5,
433.00,1.40430891E+5,
434.00,1.41844344E+5,
435.00,1.42676422E+5,
436.00,1.47824453E+5,
437.00,1.49418656E+5,
438.00,1.53677797E+5,
439.00,1.55224203E+5,
440.00,1.55476531E+5,
441.00,1.56890063E+5,
442.00,1.57731984E+5,
443.00,1.59039984E+5,
444.00,1.58206422E+5,
445.00,1.62955250E+5,
446.00,1.61271797E+5,
447.00,1.61309563E+5,
448.00,1.60586797E+5,
449.00,1.61591078E+5,
450.00,1.60772375E+5,
451.00,1.60306844E+5,
452.00,1.62068047E+5,
453.00,1.59588156E+5,
454.00,1.60867016E+5,
455.00,1.56723703E+5,
456.00,1.57287953E+5,
457.00,1.57381078E+5,
458.00,1.55679203E+5,
459.00,1.52467594E+5,
460.00,1.51813453E+5,
461.00,1.51637469E+5,
462.00,1.49884328E+5,
463.00,1.48870844E+5,
464.00,1.47618781E+5,
465.00,1.45458266E+5,
466.00,1.46376422E+5,
467.00,1.45218406E+5,
468.00,1.42186453E+5,
469.00,1.40268828E+5,
470.00,1.40849188E+5,
471.00,1.39340734E+5,
472.00,1.36285297E+5,
473.00,1.34075266E+5,
474.00,1.31622484E+5,
475.00,1.28225383E+5,
476.00,1.27243969E+5,
477.00,1.25691250E+5,
478.00,1.23639156E+5,
479.00,1.20184313E+5,
480.00,1.16253961E+5,
481.00,1.16002852E+5,
482.00,1.12231555E+5,
483.00,1.10155320E+5,
484.00,1.08316680E+5,
485.00,1.05469414E+5,
486.00,1.04797930E+5,
487.00,9.95641875E+4,
488.00,9.64928125E+4,
489.00,9.46839141E+4,
490.00,8.92671172E+4,
491.00,8.67285703E+4,
492.00,8.33357891E+4,
493.00,8.04548281E+4,
494.00,7.71203281E+4,
495.00,7.39336484E+4,
496.00,7.08359922E+4,
497.00,6.85120625E+4,
498.00,6.66221484E+4,
499.00,6.30157344E+4,
500.00,6.04954375E+4,
501.00,5.58975625E+4,
502.00,5.43410039E+4,
503.00,5.22272656E+4,
504.00,4.81727969E+4,
505.00,4.64369922E+4,
506.00,4.27535625E+4,
507.00,4.20006719E+4,
508.00,3.91386953E+4,
509.00,3.61379883E+4,
510.00,3.58163008E+4,
511.00,3.32418086E+4,
512.00,3.12542188E+4,
513.00,3.06195605E+4,
514.00,2.76938965E+4,
515.00,2.61385449E+4,
516.00,2.35875410E+4,
517.00,2.27018105E+4,
518.00,2.10929238E+4,
519.00,2.01479063E+4,
520.00,1.99425059E+4,
521.00,1.85831523E+4,
522.00,1.76348633E+4,
523.00,1.71653496E+4,
524.00,1.57947744E+4,
525.00,1.47983682E+4,
526.00,1.42751006E+4,
527.00,1.34909785E+4,
528.00,1.28907275E+4,
529.00,1.26792666E+4,
530.00,1.22286572E+4,
531.00,1.16060469E+4,
532.00,1.14025293E+4,
533.00,1.14487588E+4,
534.00,1.15073535E+4,
535.00,1.10323984E+4,
536.00,1.03727500E+4,
537.00,1.00027578E+4,
538.00,9.96060840E+3,
539.00,1.03165400E+4,
540.00,1.05697461E+4,
541.00,1.07318926E+4,
542.00,1.06410127E+4,
543.00,1.11204932E+4,
544.00,1.07634854E+4,
545.00,1.15639805E+4,
546.00,1.14602891E+4,
547.00,1.23752588E+4,
548.00,1.24313311E+4,
549.00,1.32854502E+4,
550.00,1.30345068E+4,
551.00,1.31938496E+4,
552.00,1.40321572E+4,
553.00,1.51938594E+4,
554.00,1.47258818E+4,
555.00,1.51997070E+4,
556.00,1.54951475E+4,
557.00,1.68889063E+4,
558.00,1.74146836E+4,
559.00,1.78519180E+4,
560.00,1.92523125E+4,
561.00,1.96169668E+4,
562.00,2.11812344E+4,
563.00,2.00513027E+4,
564.00,2.27971504E+4,
565.00,2.39509297E+4,
566.00,2.48750801E+4,
567.00,2.61103418E+4,
568.00,2.63828828E+4,
569.00,2.96722480E+4,
570.00,2.96399004E+4,
571.00,3.17656719E+4,
572.00,3.15748730E+4,
573.00,3.39851367E+4,
574.00,3.43540234E+4,
575.00,3.55619375E+4,
576.00,3.69011289E+4,
577.00,3.91584453E+4,
578.00,3.80437227E+4,
579.00,4.10177500E+4,
580.00,4.26275234E+4,
581.00,4.46194570E+4,
582.00,4.73936719E+4,
583.00,4.75132305E+4,
584.00,4.77151094E+4,
585.00,4.91721680E+4,
586.00,5.26540195E+4,
587.00,5.40686563E+4,
588.00,5.55175508E+4,
589.00,5.67894141E+4,
590.00,5.92006953E+4,
591.00,6.12300117E+4,
592.00,6.19512109E+4,
593.00,6.61464219E+4,
594.00,6.70566328E+4,
595.00,7.03219688E+4,
596.00,6.91438203E+4,
597.00,7.15869688E+4,
598.00,7.24670313E+4,
599.00,7.38127813E+4,
600.00,7.73628203E+4,
601.00,7.93426797E+4,
602.00,8.22801719E+4,
603.00,8.06135938E+4,
604.00,8.51129063E+4,
605.00,8.77790703E+4,
606.00,8.89001406E+4,
607.00,8.88705859E+4,
608.00,9.32354219E+4,
609.00,9.27135859E+4,
610.00,9.58005000E+4,
611.00,9.86426484E+4,
612.00,9.80346719E+4,
613.00,9.94853125E+4,
614.00,1.00246883E+5,
615.00,1.01636500E+5,
616.00,9.81465781E+4,
617.00,1.03900969E+5,
618.00,1.04105719E+5,
619.00,1.06938297E+5,
620.00,1.04295633E+5,
621.00,1.09151992E+5,
622.00,1.05518242E+5,
623.00,1.08395945E+5,
624.00,1.09535547E+5,
625.00,1.11208391E+5,
626.00,1.10532070E+5,
627.00,1.09735750E+5,
628.00,1.10802609E+5,
629.00,1.12986500E+5,
630.00,1.10877656E+5,
631.00,1.09419219E+5,
632.00,1.14095297E+5,
633.00,1.13518484E+5,
634.00,1.14654609E+5,
635.00,1.12277156E+5,
636.00,1.13628055E+5,
637.00,1.10467523E+5,
638.00,1.13141086E+5,
639.00,1.12493891E+5,
640.00,1.08259398E+5,
641.00,1.10151836E+5,
642.00,1.11348328E+5,
643.00,1.09396445E+5,
644.00,1.05879898E+5,
645.00,1.07885930E+5,
646.00,1.06785711E+5,
647.00,1.04894016E+5,
648.00,1.08393141E+5,
649.00,1.05591586E+5,
650.00,1.05922852E+5,
651.00,1.03156547E+5,
652.00,9.97364219E+4,
653.00,9.93777578E+4,
654.00,1.00267484E+5,
655.00,9.98833203E+4,
656.00,9.68078359E+4,
657.00,9.85669453E+4,
658.00,9.24700547E+4,
659.00,9.18188594E+4,
660.00,9.38881328E+4,
661.00,9.27897734E+4,
662.00,8.94265000E+4,
663.00,8.83218125E+4,
664.00,8.51528125E+4,
665.00,8.60928672E+4,
666.00,8.34514531E+4,
667.00,7.68589531E+4,
668.00,8.24029922E+4,
669.00,7.73782969E+4,
670.00,7.46956094E+4,
671.00,7.54822031E+4,
672.00,7.67347266E+4,
673.00,7.25223281E+4,
674.00,6.94922969E+4,
675.00,7.02412266E+4,
676.00,7.18929766E+4,
677.00,6.96170078E+4,
678.00,6.84114219E+4,
679.00,6.73196641E+4,
680.00,6.67913438E+4,
681.00,6.36603359E+4,
682.00,6.10802617E+4,
683.00,6.17305977E+4,
684.00,5.85735781E+4,
685.00,5.38341602E+4,
686.00,5.17866992E+4,
687.00,5.51069023E+4,
688.00,4.93662305E+4,
689.00,4.81552539E+4,
690.00,5.05473203E+4,
691.00,5.34600586E+4,
692.00,5.33551758E+4,
693.00,4.76303320E+4,
694.00,4.61173555E+4,
695.00,4.25042656E+4,
696.00,4.09401367E+4,
697.00,4.18275273E+4,
698.00,3.79825820E+4,
699.00,3.85432188E+4,
700.00,3.62644883E+4,
701.00,3.50122500E+4,
702.00,3.27950313E+4,
703.00,3.29219102E+4,
704.00,2.93427246E+4,
705.00,2.82683125E+4,
706.00,2.68073652E+4,
707.00,2.63862461E+4,
708.00,2.38291699E+4,
709.00,2.43447930E+4,
710.00,2.31281055E+4,
711.00,2.09209043E+4,
712.00,2.08850508E+4,
713.00,1.99586270E+4,
714.00,1.83822734E+4,
715.00,1.68225645E+4,
716.00,1.66140801E+4,
717.00,1.67893184E+4,
718.00,1.69099375E+4,
719.00,1.17940137E+4,
720.00,1.23017949E+4,
721.00,1.19247637E+4,
722.00,1.22963594E+4,
723.00,1.09266240E+4,
724.00,1.31429102E+4,
725.00,9.20580176E+3,
726.00,9.24414648E+3,
727.00,9.16042480E+3,
728.00,9.04345703E+3,
729.00,7.60820117E+3,
730.00,4.96641797E+3,
731.00,7.27812207E+3,
732.00,8.56348535E+3,
733.00,9.00915527E+3,
734.00,7.42882422E+3,
735.00,5.95828760E+3,
736.00,6.68437744E+3,
737.00,6.27666748E+3,
738.00,6.62261865E+3,
739.00,7.96479980E+3,
740.00,6.67866309E+3,
741.00,7.60182178E+3,
742.00,8.17925586E+3,
743.00,7.36513037E+3,
744.00,8.61035156E+3,
745.00,9.06880371E+3,
746.00,9.44958398E+3,
747.00,8.41219238E+3,
748.00,1.52543936E+4,
749.00,1.80712793E+4,
750.00,3.43319375E+4,
