Labels,Ge-Si-780-ex,
Type,Excitation Scan,
Comment,,
Start,280.00,
Stop,750.00,
Step,1.00,
Fixed/Offset,780.00,
Xaxis,Wavelength,
Yaxis,Counts,
Scan Corr. by File,False,
Corr. by Ref. Det.,True,
Fixed/Offset Corr. by File,True,
Repeats,1,
Dwell Time,0.10,
Lamp,Xenon,
Temp,0.00,
Scan Polariser,None,
Scan Slit,2.4999950,
Fixed/Offset Polariser,None,
Fixed/Offset Slit,2.4999220,
Detector,Det2,

280.00,5.70446094E+4,
281.00,6.22717461E+4,
282.00,6.42267383E+4,
283.00,5.79995039E+4,
284.00,6.27231523E+4,
285.00,6.63917813E+4,
286.00,6.56359922E+4,
287.00,6.98061563E+4,
288.00,6.40626328E+4,
289.00,6.74671094E+4,
290.00,6.99529063E+4,
291.00,6.49174219E+4,
292.00,6.57079219E+4,
293.00,6.71595859E+4,
294.00,6.02732344E+4,
295.00,6.21452773E+4,
296.00,6.04737422E+4,
297.00,5.48726289E+4,
298.00,5.30979102E+4,
299.00,4.99742109E+4,
300.00,4.77194180E+4,
301.00,4.50709883E+4,
302.00,3.84490273E+4,
303.00,3.58629766E+4,
304.00,3.28765625E+4,
305.00,2.92050605E+4,
306.00,2.82783164E+4,
307.00,2.48117285E+4,
308.00,2.02369180E+4,
309.00,2.03808223E+4,
310.00,1.70594258E+4,
311.00,1.50005322E+4,
312.00,1.25776064E+4,
313.00,1.14608428E+4,
314.00,1.16313242E+4,
315.00,9.63939551E+3,
316.00,8.46322754E+3,
317.00,7.75946729E+3,
318.00,5.44015332E+3,
319.00,5.50336133E+3,
320.00,4.56707227E+3,
321.00,4.61242773E+3,
322.00,4.28417285E+3,
323.00,4.48073584E+3,
324.00,3.85934961E+3,
325.00,3.39244507E+3,
326.00,2.66347461E+3,
327.00,2.92489087E+3,
328.00,2.41333545E+3,
329.00,2.41507861E+3,
330.00,2.22490552E+3,
331.00,1.66701611E+3,
332.00,1.78302161E+3,
333.00,1.51432959E+3,
334.00,1.79407507E+3,
335.00,1.48561987E+3,
336.00,1.53454309E+3,
337.00,1.41060767E+3,
338.00,3.50377930E+2,
339.00,1.23925476E+3,
340.00,7.47535339E+2,
341.00,1.15345081E+3,
342.00,9.39447449E+2,
343.00,1.08592310E+3,
344.00,1.67436035E+3,
345.00,7.90524048E+2,
346.00,1.07817969E+3,
347.00,2.71827271E+2,
348.00,1.15969727E+3,
349.00,1.22808923E+3,
350.00,1.44097595E+3,
351.00,1.53868433E+3,
352.00,1.54150684E+3,
353.00,1.60807788E+3,
354.00,1.97362927E+3,
355.00,2.34091675E+3,
356.00,2.12632446E+3,
357.00,2.37716479E+3,
358.00,3.24452637E+3,
359.00,3.30186768E+3,
360.00,3.80330200E+3,
361.00,4.31852344E+3,
362.00,4.33577393E+3,
363.00,4.90445557E+3,
364.00,5.78871875E+3,
365.00,6.62638477E+3,
366.00,7.70682715E+3,
367.00,8.44167969E+3,
368.00,9.56464746E+3,
369.00,9.81813477E+3,
370.00,1.22692861E+4,
371.00,1.35882939E+4,
372.00,1.47149688E+4,
373.00,1.61868018E+4,
374.00,1.82375723E+4,
375.00,2.06402539E+4,
376.00,2.23177578E+4,
377.00,2.54658125E+4,
378.00,2.83398906E+4,
379.00,3.13349082E+4,
380.00,3.51671016E+4,
381.00,3.84850313E+4,
382.00,4.25227930E+4,
383.00,4.57834492E+4,
384.00,4.96219492E+4,
385.00,5.38856563E+4,
386.00,5.98683164E+4,
387.00,6.49887734E+4,
388.00,7.08178516E+4,
389.00,7.72806250E+4,
390.00,8.05335625E+4,
391.00,8.70624609E+4,
392.00,9.38763281E+4,
393.00,1.01047102E+5,
394.00,1.07392859E+5,
395.00,1.14474727E+5,
396.00,1.20204367E+5,
397.00,1.28465086E+5,
398.00,1.33998219E+5,
399.00,1.44037891E+5,
400.00,1.48652328E+5,
401.00,1.58249297E+5,
402.00,1.66602563E+5,
403.00,1.72507016E+5,
404.00,1.82043969E+5,
405.00,1.90239359E+5,
406.00,1.95362797E+5,
407.00,2.04686266E+5,
408.00,2.14709438E+5,
409.00,2.20186656E+5,
410.00,2.25119188E+5,
411.00,2.33471141E+5,
412.00,2.38821656E+5,
413.00,2.46971594E+5,
414.00,2.55527047E+5,
415.00,2.62089938E+5,
416.00,2.68969000E+5,
417.00,2.72670094E+5,
418.00,2.80869063E+5,
419.00,2.88466344E+5,
420.00,2.93200625E+5,
421.00,2.95055375E+5,
422.00,3.03528406E+5,
423.00,3.10404656E+5,
424.00,3.13682750E+5,
425.00,3.14519094E+5,
426.00,3.22061094E+5,
427.00,3.26815250E+5,
428.00,3.30082750E+5,
429.00,3.34255000E+5,
430.00,3.36573750E+5,
431.00,3.38795125E+5,
432.00,3.46954781E+5,
433.00,3.45687688E+5,
434.00,3.48215281E+5,
435.00,3.50008719E+5,
436.00,3.52186594E+5,
437.00,3.53104500E+5,
438.00,3.55041844E+5,
439.00,3.58759813E+5,
440.00,3.56959094E+5,
441.00,3.58634813E+5,
442.00,3.62203344E+5,
443.00,3.58580531E+5,
444.00,3.61059938E+5,
445.00,3.59022469E+5,
446.00,3.59157375E+5,
447.00,3.58237844E+5,
448.00,3.59699438E+5,
449.00,3.60878125E+5,
450.00,3.57687938E+5,
451.00,3.53891406E+5,
452.00,3.54952531E+5,
453.00,3.53005750E+5,
454.00,3.52066688E+5,
455.00,3.48818719E+5,
456.00,3.50306000E+5,
457.00,3.46784031E+5,
458.00,3.44794938E+5,
459.00,3.43736188E+5,
460.00,3.41293781E+5,
461.00,3.43049563E+5,
462.00,3.37893969E+5,
463.00,3.34558594E+5,
464.00,3.31183719E+5,
465.00,3.31258313E+5,
466.00,3.33252625E+5,
467.00,3.26792375E+5,
468.00,3.20368188E+5,
469.00,3.19226906E+5,
470.00,3.20852375E+5,
471.00,3.21462094E+5,
472.00,3.16038469E+5,
473.00,3.09298531E+5,
474.00,3.07971469E+5,
475.00,3.03190375E+5,
476.00,3.01701281E+5,
477.00,2.96735344E+5,
478.00,2.94070531E+5,
479.00,2.90826594E+5,
480.00,2.87055406E+5,
481.00,2.80755281E+5,
482.00,2.75002188E+5,
483.00,2.68888969E+5,
484.00,2.66433750E+5,
485.00,2.62027563E+5,
486.00,2.57729297E+5,
487.00,2.52657813E+5,
488.00,2.48682984E+5,
489.00,2.45145375E+5,
490.00,2.39153359E+5,
491.00,2.32102797E+5,
492.00,2.26736719E+5,
493.00,2.21643609E+5,
494.00,2.14882281E+5,
495.00,2.12109250E+5,
496.00,2.07323906E+5,
497.00,1.99851469E+5,
498.00,1.92945609E+5,
499.00,1.89321172E+5,
500.00,1.82600469E+5,
501.00,1.77287078E+5,
502.00,1.70704000E+5,
503.00,1.62324766E+5,
504.00,1.59772031E+5,
505.00,1.53139734E+5,
506.00,1.48358969E+5,
507.00,1.42161938E+5,
508.00,1.35865688E+5,
509.00,1.32433422E+5,
510.00,1.26158422E+5,
511.00,1.23842977E+5,
512.00,1.17719867E+5,
513.00,1.13653867E+5,
514.00,1.09190484E+5,
515.00,1.07027914E+5,
516.00,1.00004227E+5,
517.00,9.77172188E+4,
518.00,9.16564766E+4,
519.00,9.01893828E+4,
520.00,8.79400469E+4,
521.00,8.39677891E+4,
522.00,8.08491250E+4,
523.00,7.85036719E+4,
524.00,7.66617813E+4,
525.00,7.42741797E+4,
526.00,7.28539063E+4,
527.00,7.09795938E+4,
528.00,6.84716797E+4,
529.00,6.71139531E+4,
530.00,6.72452813E+4,
531.00,6.66924531E+4,
532.00,6.53234609E+4,
533.00,6.52443203E+4,
534.00,6.48631797E+4,
535.00,6.22779922E+4,
536.00,6.12592891E+4,
537.00,6.21716875E+4,
538.00,6.35099414E+4,
539.00,6.40821914E+4,
540.00,6.44589766E+4,
541.00,6.50995000E+4,
542.00,6.51986055E+4,
543.00,6.68696641E+4,
544.00,6.90785313E+4,
545.00,6.83533359E+4,
546.00,6.94259141E+4,
547.00,7.14735859E+4,
548.00,7.25579922E+4,
549.00,7.36670703E+4,
550.00,7.74336719E+4,
551.00,7.73316484E+4,
552.00,8.12092969E+4,
553.00,8.32863281E+4,
554.00,8.53247656E+4,
555.00,8.66292813E+4,
556.00,8.97249844E+4,
557.00,9.37421328E+4,
558.00,9.55412891E+4,
559.00,9.83281719E+4,
560.00,1.01003984E+5,
561.00,9.99789063E+4,
562.00,1.06596016E+5,
563.00,1.08512047E+5,
564.00,1.12017758E+5,
565.00,1.14391703E+5,
566.00,1.18166953E+5,
567.00,1.21502695E+5,
568.00,1.25033672E+5,
569.00,1.26534953E+5,
570.00,1.29685469E+5,
571.00,1.31488734E+5,
572.00,1.35213453E+5,
573.00,1.35548031E+5,
574.00,1.40118469E+5,
575.00,1.43421078E+5,
576.00,1.47306781E+5,
577.00,1.49486125E+5,
578.00,1.52986891E+5,
579.00,1.56223625E+5,
580.00,1.56195172E+5,
581.00,1.60743797E+5,
582.00,1.65377563E+5,
583.00,1.66935281E+5,
584.00,1.70463922E+5,
585.00,1.73371141E+5,
586.00,1.77110375E+5,
587.00,1.80303453E+5,
588.00,1.82191922E+5,
589.00,1.87308109E+5,
590.00,1.89215125E+5,
591.00,1.91939781E+5,
592.00,1.93060031E+5,
593.00,1.97004703E+5,
594.00,1.98060688E+5,
595.00,2.02052063E+5,
596.00,2.02008359E+5,
597.00,2.08405609E+5,
598.00,2.05645781E+5,
599.00,2.07072016E+5,
600.00,2.12505188E+5,
601.00,2.10147781E+5,
602.00,2.14067391E+5,
603.00,2.17600313E+5,
604.00,2.21128344E+5,
605.00,2.16623922E+5,
606.00,2.20996234E+5,
607.00,2.23227188E+5,
608.00,2.24913953E+5,
609.00,2.25041234E+5,
610.00,2.25822453E+5,
611.00,2.29472516E+5,
612.00,2.26612422E+5,
613.00,2.33668109E+5,
614.00,2.33358344E+5,
615.00,2.29582703E+5,
616.00,2.31205172E+5,
617.00,2.34082484E+5,
618.00,2.33239328E+5,
619.00,2.32516609E+5,
620.00,2.32123516E+5,
621.00,2.33127391E+5,
622.00,2.36014422E+5,
623.00,2.34320266E+5,
624.00,2.34845938E+5,
625.00,2.34717672E+5,
626.00,2.32933125E+5,
627.00,2.33443703E+5,
628.00,2.31914453E+5,
629.00,2.32572906E+5,
630.00,2.32536750E+5,
631.00,2.28391172E+5,
632.00,2.28006688E+5,
633.00,2.33710766E+5,
634.00,2.29526391E+5,
635.00,2.27238375E+5,
636.00,2.27123516E+5,
637.00,2.27470156E+5,
638.00,2.29282656E+5,
639.00,2.26197547E+5,
640.00,2.19562750E+5,
641.00,2.17297969E+5,
642.00,2.16173188E+5,
643.00,2.15185203E+5,
644.00,2.15490313E+5,
645.00,2.12646766E+5,
646.00,2.10311703E+5,
647.00,2.07685172E+5,
648.00,2.06206375E+5,
649.00,2.03426656E+5,
650.00,2.02039297E+5,
651.00,1.96209094E+5,
652.00,2.01060688E+5,
653.00,1.98975047E+5,
654.00,1.94872703E+5,
655.00,1.92985672E+5,
656.00,1.91624188E+5,
657.00,1.88613422E+5,
658.00,1.85221609E+5,
659.00,1.80021141E+5,
660.00,1.81575031E+5,
661.00,1.76306047E+5,
662.00,1.74058203E+5,
663.00,1.71361156E+5,
664.00,1.70511391E+5,
665.00,1.71654250E+5,
666.00,1.64156984E+5,
667.00,1.60627906E+5,
668.00,1.61671328E+5,
669.00,1.58339641E+5,
670.00,1.58110375E+5,
671.00,1.53542500E+5,
672.00,1.47320141E+5,
673.00,1.43124453E+5,
674.00,1.43165625E+5,
675.00,1.39602891E+5,
676.00,1.40632641E+5,
677.00,1.35430234E+5,
678.00,1.31825453E+5,
679.00,1.31295219E+5,
680.00,1.31504531E+5,
681.00,1.27929930E+5,
682.00,1.20341828E+5,
683.00,1.18655734E+5,
684.00,1.17105125E+5,
685.00,1.14643453E+5,
686.00,1.07308422E+5,
687.00,1.09257305E+5,
688.00,1.04649367E+5,
689.00,1.02395719E+5,
690.00,1.05148992E+5,
691.00,1.08772977E+5,
692.00,1.09615461E+5,
693.00,1.07745414E+5,
694.00,1.09900438E+5,
695.00,1.09520922E+5,
696.00,1.06484609E+5,
697.00,1.05050242E+5,
698.00,9.74507500E+4,
699.00,9.42362266E+4,
700.00,8.97065859E+4,
701.00,8.40922656E+4,
702.00,8.17357891E+4,
703.00,7.96520469E+4,
704.00,7.04819063E+4,
705.00,7.08080391E+4,
706.00,6.82322500E+4,
707.00,6.58498125E+4,
708.00,6.32194375E+4,
709.00,6.09557813E+4,
710.00,5.81919453E+4,
711.00,5.64820625E+4,
712.00,5.12233242E+4,
713.00,5.01036094E+4,
714.00,4.66805898E+4,
715.00,4.51499570E+4,
716.00,4.34752969E+4,
717.00,4.39092461E+4,
718.00,4.06772031E+4,
719.00,3.71875586E+4,
720.00,3.63466211E+4,
721.00,3.45185859E+4,
722.00,3.23465918E+4,
723.00,3.10686934E+4,
724.00,2.80494160E+4,
725.00,2.85004160E+4,
726.00,2.66189316E+4,
727.00,2.41037109E+4,
728.00,2.38218262E+4,
729.00,2.47107695E+4,
730.00,2.07547285E+4,
731.00,2.19782598E+4,
732.00,1.96196211E+4,
733.00,1.78403047E+4,
734.00,1.67694082E+4,
735.00,1.72014023E+4,
736.00,1.47549111E+4,
737.00,1.38584150E+4,
738.00,1.41841719E+4,
739.00,1.38188662E+4,
740.00,1.33421289E+4,
741.00,1.18932734E+4,
742.00,1.15574365E+4,
743.00,9.09899414E+3,
744.00,9.94043555E+3,
745.00,8.50081348E+3,
746.00,8.98096973E+3,
747.00,8.88654785E+3,
748.00,8.33563965E+3,
749.00,7.21914209E+3,
750.00,5.96915283E+3,
