Labels,Zn-ZN-445-770-EX,
Type,Excitation Scan,
Comment,,
Start,280.00,
Stop,750.00,
Step,1.00,
Fixed/Offset,770.00,
Xaxis,Wavelength,
Yaxis,Counts,
Scan Corr. by File,False,
Corr. by Ref. Det.,True,
Fixed/Offset Corr. by File,True,
Repeats,1,
Dwell Time,0.10,
Lamp,Xenon,
Temp,0.00,
Scan Polariser,None,
Scan Slit,2.4999950,
Fixed/Offset Polariser,None,
Fixed/Offset Slit,2.4999220,
Detector,Det2,

280.00,6.30918164E+4,
281.00,6.77609453E+4,
282.00,6.67150703E+4,
283.00,6.53740195E+4,
284.00,6.88079141E+4,
285.00,6.96088594E+4,
286.00,6.76900391E+4,
287.00,7.20626797E+4,
288.00,6.91750781E+4,
289.00,7.14974844E+4,
290.00,7.26043203E+4,
291.00,6.76548906E+4,
292.00,7.00664844E+4,
293.00,6.57818438E+4,
294.00,6.56051719E+4,
295.00,6.39890430E+4,
296.00,6.04057930E+4,
297.00,5.99724883E+4,
298.00,5.61385078E+4,
299.00,4.96287031E+4,
300.00,4.97434414E+4,
301.00,4.59088477E+4,
302.00,4.07420859E+4,
303.00,3.92884375E+4,
304.00,3.35982188E+4,
305.00,3.03874336E+4,
306.00,2.86941406E+4,
307.00,2.64531270E+4,
308.00,2.17191875E+4,
309.00,1.93412461E+4,
310.00,1.61625898E+4,
311.00,1.56337959E+4,
312.00,1.37059453E+4,
313.00,9.69443359E+3,
314.00,9.55202637E+3,
315.00,9.44112207E+3,
316.00,6.59531445E+3,
317.00,6.40048975E+3,
318.00,5.43500342E+3,
319.00,4.50072119E+3,
320.00,3.54154590E+3,
321.00,4.79172510E+3,
322.00,2.85215674E+3,
323.00,4.01494849E+3,
324.00,2.13036938E+3,
325.00,2.49821704E+3,
326.00,2.33614722E+3,
327.00,2.73302173E+3,
328.00,1.83011804E+3,
329.00,1.88248853E+3,
330.00,1.39054932E+3,
331.00,1.58588025E+3,
332.00,1.66031494E+3,
333.00,1.03720691E+3,
334.00,9.03106445E+2,
335.00,1.13255579E+3,
336.00,1.17819739E+3,
337.00,5.18209290E+2,
338.00,9.24430969E+2,
339.00,1.05403162E+3,
340.00,9.43211548E+2,
341.00,1.48594800E+3,
342.00,1.18972852E+3,
343.00,6.38632874E+2,
344.00,7.57608337E+2,
345.00,9.40580994E+2,
346.00,1.15869678E+3,
347.00,1.04514490E+3,
348.00,1.36145068E+3,
349.00,9.84446716E+2,
350.00,1.13653467E+3,
351.00,1.38877954E+3,
352.00,1.07437390E+3,
353.00,1.75935095E+3,
354.00,1.88004138E+3,
355.00,1.88321826E+3,
356.00,2.33465356E+3,
357.00,1.95417566E+3,
358.00,2.28655884E+3,
359.00,2.17627271E+3,
360.00,3.36525952E+3,
361.00,3.03686499E+3,
362.00,3.60138818E+3,
363.00,4.50429492E+3,
364.00,4.70270850E+3,
365.00,4.88892041E+3,
366.00,5.93009082E+3,
367.00,6.00266455E+3,
368.00,7.35796143E+3,
369.00,7.83258447E+3,
370.00,8.58979395E+3,
371.00,9.78080566E+3,
372.00,1.09860469E+4,
373.00,1.29701045E+4,
374.00,1.47710850E+4,
375.00,1.74423066E+4,
376.00,1.86241719E+4,
377.00,2.09516855E+4,
378.00,2.33996426E+4,
379.00,2.68735352E+4,
380.00,2.85394141E+4,
381.00,3.33360039E+4,
382.00,3.57370273E+4,
383.00,3.95553750E+4,
384.00,4.36787695E+4,
385.00,4.83298711E+4,
386.00,5.21198867E+4,
387.00,5.67876719E+4,
388.00,6.29740117E+4,
389.00,6.84529922E+4,
390.00,7.29880313E+4,
391.00,7.96237109E+4,
392.00,8.59180313E+4,
393.00,9.19132969E+4,
394.00,9.87053906E+4,
395.00,1.03614109E+5,
396.00,1.12501719E+5,
397.00,1.19960859E+5,
398.00,1.26315992E+5,
399.00,1.34257234E+5,
400.00,1.43574297E+5,
401.00,1.46993891E+5,
402.00,1.57158969E+5,
403.00,1.62976422E+5,
404.00,1.72227359E+5,
405.00,1.78841266E+5,
406.00,1.87071438E+5,
407.00,1.95112109E+5,
408.00,2.03000625E+5,
409.00,2.10360656E+5,
410.00,2.18401547E+5,
411.00,2.25211766E+5,
412.00,2.34908625E+5,
413.00,2.39300984E+5,
414.00,2.46344531E+5,
415.00,2.54333500E+5,
416.00,2.58279438E+5,
417.00,2.65213406E+5,
418.00,2.74082656E+5,
419.00,2.78784125E+5,
420.00,2.87195375E+5,
421.00,2.93137688E+5,
422.00,2.96950844E+5,
423.00,3.07781563E+5,
424.00,3.08967813E+5,
425.00,3.12921094E+5,
426.00,3.17895938E+5,
427.00,3.24409406E+5,
428.00,3.29759844E+5,
429.00,3.32028375E+5,
430.00,3.36897844E+5,
431.00,3.39342094E+5,
432.00,3.42272313E+5,
433.00,3.50277594E+5,
434.00,3.47461031E+5,
435.00,3.53976375E+5,
436.00,3.55771813E+5,
437.00,3.56352531E+5,
438.00,3.54410156E+5,
439.00,3.58959063E+5,
440.00,3.59247125E+5,
441.00,3.62210375E+5,
442.00,3.63976406E+5,
443.00,3.65271375E+5,
444.00,3.63684781E+5,
445.00,3.65600781E+5,
446.00,3.61834188E+5,
447.00,3.64052000E+5,
448.00,3.60332563E+5,
449.00,3.60004938E+5,
450.00,3.63274438E+5,
451.00,3.59813938E+5,
452.00,3.55161125E+5,
453.00,3.60917969E+5,
454.00,3.57321875E+5,
455.00,3.54522594E+5,
456.00,3.51574781E+5,
457.00,3.51583156E+5,
458.00,3.46894156E+5,
459.00,3.46826750E+5,
460.00,3.45322719E+5,
461.00,3.42317750E+5,
462.00,3.37867875E+5,
463.00,3.35443531E+5,
464.00,3.31852469E+5,
465.00,3.33735063E+5,
466.00,3.32542219E+5,
467.00,3.27255031E+5,
468.00,3.25027563E+5,
469.00,3.22141781E+5,
470.00,3.17650219E+5,
471.00,3.17474906E+5,
472.00,3.12282219E+5,
473.00,3.10139125E+5,
474.00,3.06579906E+5,
475.00,2.99695844E+5,
476.00,2.98529594E+5,
477.00,2.94539281E+5,
478.00,2.93759375E+5,
479.00,2.86910125E+5,
480.00,2.83031156E+5,
481.00,2.79415281E+5,
482.00,2.75932438E+5,
483.00,2.71218094E+5,
484.00,2.66070844E+5,
485.00,2.58624438E+5,
486.00,2.55461406E+5,
487.00,2.49650484E+5,
488.00,2.46157859E+5,
489.00,2.42903609E+5,
490.00,2.38756375E+5,
491.00,2.32834875E+5,
492.00,2.26211609E+5,
493.00,2.22105359E+5,
494.00,2.15746188E+5,
495.00,2.08208875E+5,
496.00,2.01942984E+5,
497.00,1.95160625E+5,
498.00,1.89321750E+5,
499.00,1.84700031E+5,
500.00,1.77491344E+5,
501.00,1.71777672E+5,
502.00,1.66875547E+5,
503.00,1.61618563E+5,
504.00,1.53791953E+5,
505.00,1.49589375E+5,
506.00,1.44505641E+5,
507.00,1.37967406E+5,
508.00,1.35549594E+5,
509.00,1.28165398E+5,
510.00,1.23344172E+5,
511.00,1.19066266E+5,
512.00,1.15831680E+5,
513.00,1.09599484E+5,
514.00,1.07030055E+5,
515.00,1.02072727E+5,
516.00,9.71648516E+4,
517.00,9.19032734E+4,
518.00,8.98873281E+4,
519.00,8.70080156E+4,
520.00,8.20406406E+4,
521.00,8.12934609E+4,
522.00,7.83139297E+4,
523.00,7.51706094E+4,
524.00,7.29005703E+4,
525.00,7.13039844E+4,
526.00,6.85605000E+4,
527.00,6.67456328E+4,
528.00,6.55286719E+4,
529.00,6.39264180E+4,
530.00,6.08992695E+4,
531.00,6.12101484E+4,
532.00,5.90276367E+4,
533.00,5.99452266E+4,
534.00,5.93096406E+4,
535.00,5.79669219E+4,
536.00,5.94705977E+4,
537.00,5.97266758E+4,
538.00,5.81778398E+4,
539.00,5.99272891E+4,
540.00,5.93832070E+4,
541.00,6.09803711E+4,
542.00,6.01842383E+4,
543.00,6.21403633E+4,
544.00,6.34037305E+4,
545.00,6.41612305E+4,
546.00,6.60889141E+4,
547.00,6.67905938E+4,
548.00,6.83995234E+4,
549.00,7.12477813E+4,
550.00,7.29494688E+4,
551.00,7.44235859E+4,
552.00,7.56389531E+4,
553.00,7.78200703E+4,
554.00,7.87448828E+4,
555.00,8.28543984E+4,
556.00,8.26401953E+4,
557.00,8.50224922E+4,
558.00,8.67990313E+4,
559.00,8.78920938E+4,
560.00,9.28909297E+4,
561.00,9.69750703E+4,
562.00,9.88515313E+4,
563.00,1.00825250E+5,
564.00,1.03201164E+5,
565.00,1.04991867E+5,
566.00,1.07642555E+5,
567.00,1.09949969E+5,
568.00,1.12657539E+5,
569.00,1.17187875E+5,
570.00,1.19984516E+5,
571.00,1.22368484E+5,
572.00,1.24091133E+5,
573.00,1.24337711E+5,
574.00,1.27720383E+5,
575.00,1.32661906E+5,
576.00,1.33947172E+5,
577.00,1.36217016E+5,
578.00,1.38898391E+5,
579.00,1.41612047E+5,
580.00,1.41915625E+5,
581.00,1.48731078E+5,
582.00,1.51069984E+5,
583.00,1.53659531E+5,
584.00,1.56063594E+5,
585.00,1.56925500E+5,
586.00,1.60813391E+5,
587.00,1.61730078E+5,
588.00,1.66956469E+5,
589.00,1.65032422E+5,
590.00,1.71107563E+5,
591.00,1.74009625E+5,
592.00,1.74063266E+5,
593.00,1.74714781E+5,
594.00,1.79288609E+5,
595.00,1.75535547E+5,
596.00,1.83201031E+5,
597.00,1.84769953E+5,
598.00,1.86582938E+5,
599.00,1.89745219E+5,
600.00,1.89365313E+5,
601.00,1.88806563E+5,
602.00,1.95924672E+5,
603.00,1.93855641E+5,
604.00,1.98571797E+5,
605.00,1.96243297E+5,
606.00,1.95353859E+5,
607.00,2.01039016E+5,
608.00,1.99837719E+5,
609.00,2.02174719E+5,
610.00,2.01034875E+5,
611.00,2.03568563E+5,
612.00,2.02841563E+5,
613.00,2.01929891E+5,
614.00,2.05158672E+5,
615.00,2.06640828E+5,
616.00,2.05392750E+5,
617.00,2.05521719E+5,
618.00,2.06487219E+5,
619.00,2.02950156E+5,
620.00,2.03305313E+5,
621.00,2.07863781E+5,
622.00,2.06717234E+5,
623.00,2.07277938E+5,
624.00,2.05638984E+5,
625.00,2.05387266E+5,
626.00,2.05157922E+5,
627.00,2.05576719E+5,
628.00,2.01531578E+5,
629.00,2.04190547E+5,
630.00,2.04371734E+5,
631.00,2.01410688E+5,
632.00,2.02397125E+5,
633.00,1.97375188E+5,
634.00,1.98402000E+5,
635.00,1.97599813E+5,
636.00,1.96406406E+5,
637.00,1.99791219E+5,
638.00,1.92706484E+5,
639.00,1.92118406E+5,
640.00,1.90969922E+5,
641.00,1.90433875E+5,
642.00,1.90501172E+5,
643.00,1.83312125E+5,
644.00,1.83706141E+5,
645.00,1.83582031E+5,
646.00,1.82378344E+5,
647.00,1.79119078E+5,
648.00,1.74628469E+5,
649.00,1.73764141E+5,
650.00,1.72561578E+5,
651.00,1.66492063E+5,
652.00,1.71480563E+5,
653.00,1.69632094E+5,
654.00,1.62012594E+5,
655.00,1.61303453E+5,
656.00,1.60344391E+5,
657.00,1.56223469E+5,
658.00,1.54095531E+5,
659.00,1.48759328E+5,
660.00,1.48049203E+5,
661.00,1.50240359E+5,
662.00,1.47316734E+5,
663.00,1.41278547E+5,
664.00,1.40129797E+5,
665.00,1.38713516E+5,
666.00,1.36551188E+5,
667.00,1.30157508E+5,
668.00,1.29360453E+5,
669.00,1.29835563E+5,
670.00,1.27354359E+5,
671.00,1.25210008E+5,
672.00,1.18147773E+5,
673.00,1.18334461E+5,
674.00,1.19742922E+5,
675.00,1.15154250E+5,
676.00,1.13226055E+5,
677.00,1.12356086E+5,
678.00,1.12430188E+5,
679.00,1.06563117E+5,
680.00,1.10269320E+5,
681.00,1.04254469E+5,
682.00,1.02246648E+5,
683.00,1.00602453E+5,
684.00,9.91115156E+4,
685.00,9.30748828E+4,
686.00,9.40140938E+4,
687.00,8.94328203E+4,
688.00,8.67393125E+4,
689.00,8.17706484E+4,
690.00,8.50468594E+4,
691.00,8.46223125E+4,
692.00,8.39753594E+4,
693.00,8.32692188E+4,
694.00,7.84891484E+4,
695.00,7.86687969E+4,
696.00,7.49161641E+4,
697.00,7.41569688E+4,
698.00,6.97728828E+4,
699.00,6.85739375E+4,
700.00,5.97552617E+4,
701.00,6.04396328E+4,
702.00,5.70850313E+4,
703.00,5.41941484E+4,
704.00,5.32635742E+4,
705.00,5.28815625E+4,
706.00,4.95261992E+4,
707.00,4.71709453E+4,
708.00,4.58368477E+4,
709.00,4.10229961E+4,
710.00,4.57639375E+4,
711.00,4.18432813E+4,
712.00,3.94692188E+4,
713.00,3.65484570E+4,
714.00,3.45081055E+4,
715.00,3.41176680E+4,
716.00,3.11091113E+4,
717.00,3.26281895E+4,
718.00,2.93829746E+4,
719.00,2.65391875E+4,
720.00,2.53032090E+4,
721.00,2.45989727E+4,
722.00,2.38616699E+4,
723.00,2.21031230E+4,
724.00,2.00781680E+4,
725.00,2.06302539E+4,
726.00,1.96545625E+4,
727.00,1.90814238E+4,
728.00,1.60229414E+4,
729.00,1.68524141E+4,
730.00,1.62828301E+4,
731.00,1.37730859E+4,
732.00,1.14604785E+4,
733.00,1.35406719E+4,
734.00,1.12667529E+4,
735.00,1.09308027E+4,
736.00,9.61825586E+3,
737.00,8.94977441E+3,
738.00,1.10151230E+4,
739.00,9.76271387E+3,
740.00,6.53038818E+3,
741.00,7.61848975E+3,
742.00,7.42404834E+3,
743.00,8.46660840E+3,
744.00,7.57461035E+3,
745.00,5.77498779E+3,
746.00,5.58780615E+3,
747.00,6.06287207E+3,
748.00,5.20841846E+3,
749.00,5.72219824E+3,
750.00,6.28580908E+3,
