Labels,200,
Type,Emission Scan,
Comment,,
Start,1200.00,
Stop,1650.00,
Step,1.00,
Fixed/Offset,410.00,
Xaxis,Wavelength,
Yaxis,Counts,
Scan Corr. by File,True,
Corr. by Ref. Det.,True,
Fixed/Offset Corr. by File,False,
Repeats,1,
Dwell Time,0.10,
Lamp,Xenon,
Temp,0.00,
Scan Polariser,None,
Scan Slit,5.4999132,
Fixed/Offset Polariser,None,
Fixed/Offset Slit,5.7000065,
Detector,Det2,

1200.00,2.43002594E+2,
1201.000,2.55688019E+2,
1202.000,2.52143768E+2,
1203.000,2.74536835E+2,
1204.000,2.76010773E+2,
1205.000,2.56710724E+2,
1206.000,2.51853943E+2,
1207.000,2.88589691E+2,
1208.000,2.85857971E+2,
1209.000,2.85866638E+2,
1210.00,2.89245209E+2,
1211.000,2.77181458E+2,
1212.000,2.92991394E+2,
1213.000,3.16834198E+2,
1214.000,2.95224396E+2,
1215.000,3.09703461E+2,
1216.000,3.12238159E+2,
1217.000,3.04056335E+2,
1218.000,3.22872803E+2,
1219.000,3.24919769E+2,
1220.00,3.38363556E+2,
1221.000,3.11224274E+2,
1222.000,3.41362213E+2,
1223.000,3.45188141E+2,
1224.000,3.67107971E+2,
1225.000,3.68142365E+2,
1226.000,3.64636444E+2,
1227.000,3.91025360E+2,
1228.000,3.82607147E+2,
1229.000,3.84953949E+2,
1230.00,3.92942322E+2,
1231.000,4.12372711E+2,
1232.000,4.20362549E+2,
1233.000,3.98031860E+2,
1234.000,4.29055298E+2,
1235.000,4.11891449E+2,
1236.000,4.39446075E+2,
1237.000,4.03364685E+2,
1238.000,4.24055328E+2,
1239.000,4.53910675E+2,
1240.00,4.56400879E+2,
1241.000,4.46930054E+2,
1242.000,4.63213379E+2,
1243.000,4.73411011E+2,
1244.000,4.89333069E+2,
1245.000,4.84070587E+2,
1246.000,4.79394073E+2,
1247.000,4.96763489E+2,
1248.000,5.29039001E+2,
1249.000,5.15089600E+2,
1250.00,5.67042725E+2,
1251.000,5.55182129E+2,
1252.000,5.37108582E+2,
1253.000,5.48810486E+2,
1254.000,5.07723267E+2,
1255.000,5.47223938E+2,
1256.000,5.46635010E+2,
1257.000,5.97646545E+2,
1258.000,5.59387207E+2,
1259.000,5.93930542E+2,
1260.00,5.83063110E+2,
1261.000,6.08945313E+2,
1262.000,6.23578186E+2,
1263.000,6.38818542E+2,
1264.000,6.16376160E+2,
1265.000,6.23183716E+2,
1266.000,6.20407593E+2,
1267.000,6.83751770E+2,
1268.000,6.54192810E+2,
1269.000,6.65558289E+2,
1270.00,6.78356934E+2,
1271.000,6.73551514E+2,
1272.000,6.72684021E+2,
1273.000,6.97382263E+2,
1274.000,6.97608704E+2,
1275.000,7.42952576E+2,
1276.000,7.69186035E+2,
1277.000,7.45637512E+2,
1278.000,7.28546692E+2,
1279.000,7.78285950E+2,
1280.00,7.58959229E+2,
1281.000,7.95672424E+2,
1282.000,8.17908203E+2,
1283.000,7.99042542E+2,
1284.000,8.42750610E+2,
1285.000,8.36566284E+2,
1286.000,8.23637390E+2,
1287.000,8.49188049E+2,
1288.000,8.32332214E+2,
1289.000,8.95749634E+2,
1290.00,8.64438293E+2,
1291.000,8.71587769E+2,
1292.000,9.19113647E+2,
1293.000,9.40833496E+2,
1294.000,9.54559204E+2,
1295.000,9.68876770E+2,
1296.000,9.52675171E+2,
1297.000,9.90095825E+2,
1298.000,9.70335022E+2,
1299.000,9.94802917E+2,
1300.00,9.93824829E+2,
1301.000,1.00413452E+3,
1302.000,1.03520203E+3,
1303.000,1.06263794E+3,
1304.000,1.07106360E+3,
1305.000,1.06768481E+3,
1306.000,1.06323706E+3,
1307.000,1.12459241E+3,
1308.000,1.15151257E+3,
1309.000,1.12514441E+3,
1310.00,1.16668762E+3,
1311.000,1.15229163E+3,
1312.000,1.18512085E+3,
1313.000,1.18599268E+3,
1314.000,1.19845459E+3,
1315.000,1.19145483E+3,
1316.000,1.23589783E+3,
1317.000,1.25202368E+3,
1318.000,1.31861731E+3,
1319.000,1.26339868E+3,
1320.00,1.33189307E+3,
1321.000,1.31201208E+3,
1322.000,1.34596985E+3,
1323.000,1.33980249E+3,
1324.000,1.35903674E+3,
1325.000,1.39417017E+3,
1326.000,1.37099438E+3,
1327.000,1.40803320E+3,
1328.000,1.39697510E+3,
1329.000,1.41349561E+3,
1330.00,1.45050867E+3,
1331.000,1.46032288E+3,
1332.000,1.48646301E+3,
1333.000,1.48513196E+3,
1334.000,1.51214075E+3,
1335.000,1.51579907E+3,
1336.000,1.53768628E+3,
1337.000,1.54864270E+3,
1338.000,1.63428784E+3,
1339.000,1.60063306E+3,
1340.00,1.63451038E+3,
1341.000,1.67299658E+3,
1342.000,1.67382458E+3,
1343.000,1.70882544E+3,
1344.000,1.70621460E+3,
1345.000,1.68842615E+3,
1346.000,1.75115930E+3,
1347.000,1.77605493E+3,
1348.000,1.80107703E+3,
1349.000,1.83544971E+3,
1350.00,1.81997546E+3,
1351.000,1.85925122E+3,
1352.000,1.90462341E+3,
1353.000,1.87803296E+3,
1354.000,1.96788708E+3,
1355.000,1.98175415E+3,
1356.000,2.02757373E+3,
1357.000,1.98014978E+3,
1358.000,2.01210181E+3,
1359.000,2.06288184E+3,
1360.00,2.07099536E+3,
1361.000,2.11928198E+3,
1362.000,2.23886597E+3,
1363.000,2.13145166E+3,
1364.000,2.12542871E+3,
1365.000,2.20015698E+3,
1366.000,2.17601294E+3,
1367.000,2.12644531E+3,
1368.000,2.24129395E+3,
1369.000,2.22256226E+3,
1370.00,2.21025977E+3,
1371.000,2.30668774E+3,
1372.000,2.28452222E+3,
1373.000,2.28615356E+3,
1374.000,2.34964600E+3,
1375.000,2.37198145E+3,
1376.000,2.37035669E+3,
1377.000,2.41602710E+3,
1378.000,2.44264453E+3,
1379.000,2.47973926E+3,
1380.00,2.54416016E+3,
1381.000,2.63776001E+3,
1382.000,2.61390527E+3,
1383.000,2.57486084E+3,
1384.000,2.52966968E+3,
1385.000,2.50007349E+3,
1386.000,2.38402100E+3,
1387.000,2.50303809E+3,
1388.000,2.57477271E+3,
1389.000,2.54267188E+3,
1390.00,2.50908887E+3,
1391.000,2.51403125E+3,
1392.000,2.65367920E+3,
1393.000,2.67598682E+3,
1394.000,2.57749365E+3,
1395.000,2.71238623E+3,
1396.000,2.76481592E+3,
1397.000,2.68388306E+3,
1398.000,2.56440625E+3,
1399.000,2.65199072E+3,
1400.00,2.81643726E+3,
1401.000,2.89265649E+3,
1402.000,2.80898657E+3,
1403.000,2.67053613E+3,
1404.000,2.88589941E+3,
1405.000,2.96080566E+3,
1406.000,2.96896558E+3,
1407.000,2.97445508E+3,
1408.000,2.93531250E+3,
1409.000,2.98020996E+3,
1410.00,3.05353198E+3,
1411.000,2.92428760E+3,
1412.000,2.94641187E+3,
1413.000,3.01176733E+3,
1414.000,3.05526709E+3,
1415.000,3.16861304E+3,
1416.000,3.03452368E+3,
1417.000,3.04722192E+3,
1418.000,3.13261353E+3,
1419.000,3.21324585E+3,
1420.00,3.23924512E+3,
1421.000,3.15730469E+3,
1422.000,3.18615210E+3,
1423.000,3.19306445E+3,
1424.000,3.26637939E+3,
1425.000,3.31864624E+3,
1426.000,3.28003223E+3,
1427.000,3.31745947E+3,
1428.000,3.30468359E+3,
1429.000,3.27225977E+3,
1430.00,3.36221753E+3,
1431.000,3.39280298E+3,
1432.000,3.39488721E+3,
1433.000,3.47113940E+3,
1434.000,3.40885645E+3,
1435.000,3.38362891E+3,
1436.000,3.49009668E+3,
1437.000,3.53103345E+3,
1438.000,3.51706201E+3,
1439.000,3.52985156E+3,
1440.00,3.47166260E+3,
1441.000,3.60486963E+3,
1442.000,3.56658154E+3,
1443.000,3.59406152E+3,
1444.000,3.59751367E+3,
1445.000,3.64857861E+3,
1446.000,3.67613965E+3,
1447.000,3.65610938E+3,
1448.000,3.64399756E+3,
1449.000,3.69352808E+3,
1450.00,3.78275269E+3,
1451.000,3.75720850E+3,
1452.000,3.78775464E+3,
1453.000,3.75993140E+3,
1454.000,3.76557690E+3,
1455.000,3.80958179E+3,
1456.000,3.79806396E+3,
1457.000,3.84291113E+3,
1458.000,3.87327856E+3,
1459.000,3.83874048E+3,
1460.00,3.84991553E+3,
1461.000,3.93073022E+3,
1462.000,3.89824292E+3,
1463.000,3.92575610E+3,
1464.000,3.98889673E+3,
1465.000,4.01098608E+3,
1466.000,3.97251831E+3,
1467.000,3.96331104E+3,
1468.000,4.06313086E+3,
1469.000,4.08571167E+3,
1470.00,4.09257446E+3,
1471.000,4.13889502E+3,
1472.000,4.10482861E+3,
1473.000,4.11195508E+3,
1474.000,4.14289209E+3,
1475.000,4.11845215E+3,
1476.000,4.08022437E+3,
1477.000,4.13406494E+3,
1478.000,4.20462891E+3,
1479.000,4.16314941E+3,
1480.00,4.18763184E+3,
1481.000,4.23546533E+3,
1482.000,4.16986719E+3,
1483.000,4.18548242E+3,
1484.000,4.24983887E+3,
1485.000,4.24653613E+3,
1486.000,4.26772021E+3,
1487.000,4.37781885E+3,
1488.000,4.27559863E+3,
1489.000,4.31661377E+3,
1490.00,4.31574609E+3,
1491.000,4.36315576E+3,
1492.000,4.43023584E+3,
1493.000,4.36776367E+3,
1494.000,4.42349561E+3,
1495.000,4.41764844E+3,
1496.000,4.38864600E+3,
1497.000,4.41373486E+3,
1498.000,4.35625586E+3,
1499.000,4.42319189E+3,
1500.00,4.44024658E+3,
1501.000,4.52160596E+3,
1502.000,4.40378467E+3,
1503.000,4.39017334E+3,
1504.000,4.49852734E+3,
1505.000,4.54602490E+3,
1506.000,4.48361475E+3,
1507.000,4.49185107E+3,
1508.000,4.48689648E+3,
1509.000,4.58621875E+3,
1510.00,4.48809375E+3,
1511.000,4.49764648E+3,
1512.000,4.53084668E+3,
1513.000,4.52754590E+3,
1514.000,4.58332080E+3,
1515.000,4.58471143E+3,
1516.000,4.53625146E+3,
1517.000,4.61080566E+3,
1518.000,4.63100195E+3,
1519.000,4.58192285E+3,
1520.00,4.59911572E+3,
1521.000,4.61196533E+3,
1522.000,4.67959814E+3,
1523.000,4.52515771E+3,
1524.000,4.63212061E+3,
1525.000,4.64844922E+3,
1526.000,4.64207861E+3,
1527.000,4.63082861E+3,
1528.000,4.63163623E+3,
1529.000,4.61353223E+3,
1530.00,4.63792676E+3,
1531.000,4.62439209E+3,
1532.000,4.67249512E+3,
1533.000,4.57030664E+3,
1534.000,4.64499268E+3,
1535.000,4.65611230E+3,
1536.000,4.66247266E+3,
1537.000,4.60405908E+3,
1538.000,4.61082910E+3,
1539.000,4.68482813E+3,
1540.00,4.75915332E+3,
1541.000,4.58952490E+3,
1542.000,4.59374268E+3,
1543.000,4.63816797E+3,
1544.000,4.62416113E+3,
1545.000,4.69948340E+3,
1546.000,4.58486035E+3,
1547.000,4.59977588E+3,
1548.000,4.64432178E+3,
1549.000,4.68839404E+3,
1550.00,4.55295361E+3,
1551.000,4.68120410E+3,
1552.000,4.67349316E+3,
1553.000,4.60339307E+3,
1554.000,4.63084619E+3,
1555.000,4.55551318E+3,
1556.000,4.59095996E+3,
1557.000,4.70843506E+3,
1558.000,4.66166455E+3,
1559.000,4.62766357E+3,
1560.00,4.61589502E+3,
1561.000,4.56035840E+3,
1562.000,4.55460449E+3,
1563.000,4.66280078E+3,
1564.000,4.55585840E+3,
1565.000,4.50993848E+3,
1566.000,4.59385400E+3,
1567.000,4.62837939E+3,
1568.000,4.57401123E+3,
1569.000,4.56713086E+3,
1570.00,4.57748975E+3,
1571.000,4.55079541E+3,
1572.000,4.53101465E+3,
1573.000,4.51656592E+3,
1574.000,4.57420654E+3,
1575.000,4.58424561E+3,
1576.000,4.54751367E+3,
1577.000,4.58063184E+3,
1578.000,4.56839502E+3,
1579.000,4.49322021E+3,
1580.00,4.41856396E+3,
1581.000,4.58044922E+3,
1582.000,4.46050244E+3,
1583.000,4.49360840E+3,
1584.000,4.50327881E+3,
1585.000,4.47700244E+3,
1586.000,4.43049902E+3,
1587.000,4.44556299E+3,
1588.000,4.53367334E+3,
1589.000,4.41550146E+3,
1590.00,4.52324316E+3,
1591.000,4.45831055E+3,
1592.000,4.41993799E+3,
1593.000,4.41684229E+3,
1594.000,4.41775586E+3,
1595.000,4.51810889E+3,
1596.000,4.49958154E+3,
1597.000,4.47525146E+3,
1598.000,4.50519531E+3,
1599.000,4.42245020E+3,
1600.00,4.41236621E+3,
1601.000,4.42511621E+3,
1602.000,4.36947949E+3,
1603.000,4.44380322E+3,
1604.000,4.34896387E+3,
1605.000,4.33162891E+3,
1606.000,4.36130273E+3,
1607.000,4.39475537E+3,
1608.000,4.39405615E+3,
1609.000,4.37969580E+3,
1610.00,4.38186572E+3,
1611.000,4.39152539E+3,
1612.000,4.39490283E+3,
1613.000,4.25673193E+3,
1614.000,4.28701904E+3,
1615.000,4.35668701E+3,
1616.000,4.33870166E+3,
1617.000,4.38597998E+3,
1618.000,4.37325342E+3,
1619.000,4.36416992E+3,
1620.00,4.32617285E+3,
1621.000,4.28428223E+3,
1622.000,4.33788867E+3,
1623.000,4.29036914E+3,
1624.000,4.32673340E+3,
1625.000,4.35020361E+3,
1626.000,4.43980371E+3,
1627.000,4.38091455E+3,
1628.000,4.34978418E+3,
1629.000,4.30671338E+3,
1630.00,4.47922168E+3,
1631.000,4.39371924E+3,
1632.000,4.37846533E+3,
1633.000,4.28405273E+3,
1634.000,4.52499854E+3,
1635.000,4.32851563E+3,
1636.000,4.31760156E+3,
1637.000,4.46952930E+3,
1638.000,4.55908398E+3,
1639.000,4.55627686E+3,
1640.00,4.50146631E+3,
1641.000,4.50121924E+3,
1642.000,4.58703564E+3,
1643.000,4.55858203E+3,
1644.000,4.62653662E+3,
1645.000,4.62315088E+3,
1646.000,4.57312451E+3,
1647.000,4.67596777E+3,
1648.000,4.61311133E+3,
1649.000,4.38828174E+3,
1650.00,4.71473340E+3,
