Labels,F3-1500-810-EX,
Type,Excitation Scan,
Comment,,
Start,250.00,
Stop,780.00,
Step,1.00,
Fixed/Offset,810.00,
Xaxis,Wavelength,
Yaxis,Counts,
Scan Corr. by File,False,
Corr. by Ref. Det.,True,
Fixed/Offset Corr. by File,True,
Repeats,1,
Dwell Time,0.10,
Lamp,Xenon,
Temp,0.00,
Scan Polariser,None,
Scan Slit,4.0000019,
Fixed/Offset Polariser,None,
Fixed/Offset Slit,2.9999912,
Detector,Det2,

250.00,2.74936426E+4,
251.00,1.96672773E+4,
252.00,9.97953711E+3,
253.00,1.07263291E+4,
254.00,1.52228418E+4,
255.00,4.89366309E+3,
256.00,-1.89664124E+3,
257.00,2.15415293E+4,
258.00,1.18270044E+3,
259.00,7.42960205E+3,
260.00,2.99087183E+3,
261.00,1.45929578E+3,
262.00,2.75485010E+3,
263.00,3.47894360E+3,
264.00,4.06827246E+3,
265.00,8.83887891E+3,
266.00,2.80403149E+3,
267.00,1.62249792E+3,
268.00,1.92843396E+3,
269.00,4.71733447E+3,
270.00,4.95233740E+3,
271.00,1.36259680E+3,
272.00,-1.76929230E+2,
273.00,2.31938013E+3,
274.00,4.18997559E+3,
275.00,2.09312451E+3,
276.00,4.86648779E+3,
277.00,3.43488306E+3,
278.00,3.99152197E+3,
279.00,1.91362366E+3,
280.00,2.61105518E+3,
281.00,6.00429150E+3,
282.00,1.76487927E+3,
283.00,1.43587622E+3,
284.00,3.56227661E+3,
285.00,4.29286230E+3,
286.00,3.69956152E+3,
287.00,2.84268530E+3,
288.00,3.14509937E+3,
289.00,2.65804834E+3,
290.00,3.77763354E+3,
291.00,3.40091553E+3,
292.00,3.52226709E+3,
293.00,2.81759692E+3,
294.00,3.10456152E+3,
295.00,2.97107007E+3,
296.00,2.49051318E+3,
297.00,2.06899707E+3,
298.00,3.33286353E+3,
299.00,2.39436377E+3,
300.00,3.02565234E+3,
301.00,3.12191162E+3,
302.00,1.14173840E+3,
303.00,1.82794153E+3,
304.00,2.22530640E+3,
305.00,1.57799768E+3,
306.00,1.22013965E+3,
307.00,1.57256238E+3,
308.00,1.33835303E+3,
309.00,1.73454089E+3,
310.00,1.21108350E+3,
311.00,6.02330383E+2,
312.00,9.83272339E+2,
313.00,4.88329620E+2,
314.00,1.25911853E+3,
315.00,6.84082336E+2,
316.00,5.46664185E+2,
317.00,7.41668457E+2,
318.00,5.30843872E+2,
319.00,-2.60166683E+1,
320.00,2.94229584E+2,
321.00,3.89074677E+2,
322.00,6.43583740E+2,
323.00,3.40518250E+2,
324.00,1.99670731E+2,
325.00,3.63439789E+2,
326.00,3.82929138E+2,
327.00,4.49464355E+2,
328.00,5.52287476E+2,
329.00,3.70161804E+2,
330.00,2.24281601E+2,
331.00,4.10456360E+2,
332.00,1.16802994E+2,
333.00,2.78103668E+2,
334.00,-7.54316635E+1,
335.00,4.75749588E+1,
336.00,-1.45626373E+1,
337.00,-1.40634933E+2,
338.00,2.54914841E+2,
339.00,2.12076324E+2,
340.00,1.33220352E+2,
341.00,6.39013176E+1,
342.00,1.86391479E+2,
343.00,1.31397568E+2,
344.00,-5.08253288E+1,
345.00,6.25577240E+1,
346.00,1.08095116E+2,
347.00,2.13212463E+2,
348.00,7.40651627E+1,
349.00,2.28897980E+2,
350.00,1.95524857E+2,
351.00,4.59558792E+1,
352.00,1.65155136E+2,
353.00,1.70352524E+2,
354.00,5.96770439E+1,
355.00,1.96076984E+1,
356.00,2.37223167E+1,
357.00,1.48059677E+2,
358.00,2.91299133E+2,
359.00,-2.91967831E+1,
360.00,1.18078545E+2,
361.00,1.93317307E+2,
362.00,1.89598389E+2,
363.00,3.03070812E+1,
364.00,1.44248993E+2,
365.00,-3.56978302E+1,
366.00,2.17528351E+2,
367.00,-6.04828300E+1,
368.00,3.21747955E+2,
369.00,8.82759323E+1,
370.00,5.54968300E+1,
371.00,3.38511536E+2,
372.00,3.20124725E+2,
373.00,2.54916306E+2,
374.00,3.42446564E+2,
375.00,4.65487366E+2,
376.00,2.91441895E+2,
377.00,4.41060547E+2,
378.00,6.60273315E+2,
379.00,4.54991333E+2,
380.00,5.90052429E+2,
381.00,6.74540833E+2,
382.00,6.77600403E+2,
383.00,7.46593933E+2,
384.00,8.83784241E+2,
385.00,8.80074463E+2,
386.00,1.03023035E+3,
387.00,9.95164734E+2,
388.00,1.02525256E+3,
389.00,9.96122375E+2,
390.00,1.36079309E+3,
391.00,1.35204968E+3,
392.00,1.48107947E+3,
393.00,1.31590112E+3,
394.00,1.62482483E+3,
395.00,1.40527783E+3,
396.00,1.82345398E+3,
397.00,2.11207764E+3,
398.00,1.97228479E+3,
399.00,2.22273877E+3,
400.00,2.21134326E+3,
401.00,2.31798706E+3,
402.00,2.55608789E+3,
403.00,2.81156226E+3,
404.00,2.61519092E+3,
405.00,2.32760278E+3,
406.00,2.83873340E+3,
407.00,3.08099829E+3,
408.00,3.12878662E+3,
409.00,3.39987988E+3,
410.00,3.56674097E+3,
411.00,3.46395605E+3,
412.00,3.79627417E+3,
413.00,3.81873682E+3,
414.00,4.01257129E+3,
415.00,4.08183057E+3,
416.00,4.34508496E+3,
417.00,4.18182129E+3,
418.00,4.90463623E+3,
419.00,4.58154053E+3,
420.00,4.79853418E+3,
421.00,5.09625293E+3,
422.00,5.31311719E+3,
423.00,5.42289844E+3,
424.00,5.51844824E+3,
425.00,5.36547607E+3,
426.00,5.93015381E+3,
427.00,5.65168994E+3,
428.00,5.63631445E+3,
429.00,5.74982861E+3,
430.00,5.96795020E+3,
431.00,6.16003467E+3,
432.00,6.42349951E+3,
433.00,6.30586914E+3,
434.00,6.55597168E+3,
435.00,6.44051172E+3,
436.00,6.62002246E+3,
437.00,6.76567334E+3,
438.00,6.78267676E+3,
439.00,6.82278564E+3,
440.00,6.74853906E+3,
441.00,7.09137939E+3,
442.00,6.94401367E+3,
443.00,6.97084180E+3,
444.00,7.18525977E+3,
445.00,7.07020459E+3,
446.00,6.95301025E+3,
447.00,7.25116162E+3,
448.00,7.16901270E+3,
449.00,7.11374170E+3,
450.00,6.96104102E+3,
451.00,7.33433447E+3,
452.00,7.05427197E+3,
453.00,7.09741602E+3,
454.00,7.35440674E+3,
455.00,7.13699463E+3,
456.00,7.17392090E+3,
457.00,7.16472461E+3,
458.00,7.11956201E+3,
459.00,7.11125391E+3,
460.00,7.07173291E+3,
461.00,7.08368457E+3,
462.00,6.83219482E+3,
463.00,6.90759717E+3,
464.00,6.78468115E+3,
465.00,6.97861328E+3,
466.00,6.75179590E+3,
467.00,6.71140674E+3,
468.00,6.52567627E+3,
469.00,6.69691992E+3,
470.00,6.56429150E+3,
471.00,6.65800537E+3,
472.00,6.56712988E+3,
473.00,6.54254590E+3,
474.00,6.50669531E+3,
475.00,6.59076758E+3,
476.00,6.38650781E+3,
477.00,6.54871973E+3,
478.00,6.35046094E+3,
479.00,6.90406934E+3,
480.00,6.46028320E+3,
481.00,6.40222021E+3,
482.00,6.31485449E+3,
483.00,6.23120947E+3,
484.00,6.43387207E+3,
485.00,6.35328711E+3,
486.00,6.08133984E+3,
487.00,6.12094189E+3,
488.00,5.98414746E+3,
489.00,6.00113232E+3,
490.00,5.40917725E+3,
491.00,5.73686719E+3,
492.00,5.64123682E+3,
493.00,5.35800586E+3,
494.00,5.30484863E+3,
495.00,5.22527441E+3,
496.00,5.23663330E+3,
497.00,4.96497461E+3,
498.00,5.09880908E+3,
499.00,4.91579248E+3,
500.00,4.91871729E+3,
501.00,4.76493018E+3,
502.00,4.67314697E+3,
503.00,4.44684082E+3,
504.00,4.16382715E+3,
505.00,4.40034912E+3,
506.00,4.00276221E+3,
507.00,3.85771851E+3,
508.00,3.72910620E+3,
509.00,4.09150537E+3,
510.00,3.82909839E+3,
511.00,3.70532227E+3,
512.00,3.55588916E+3,
513.00,3.58269653E+3,
514.00,3.40741919E+3,
515.00,3.30068848E+3,
516.00,3.07361865E+3,
517.00,3.36314282E+3,
518.00,3.06437866E+3,
519.00,2.88651587E+3,
520.00,3.12836890E+3,
521.00,3.04199097E+3,
522.00,2.76421973E+3,
523.00,2.73278784E+3,
524.00,2.53596021E+3,
525.00,2.57079736E+3,
526.00,2.68423364E+3,
527.00,2.19711206E+3,
528.00,2.27524707E+3,
529.00,2.14585034E+3,
530.00,2.32160962E+3,
531.00,1.94594202E+3,
532.00,1.87584900E+3,
533.00,2.00381116E+3,
534.00,2.10893970E+3,
535.00,1.79150439E+3,
536.00,1.55802173E+3,
537.00,2.03990894E+3,
538.00,2.10065723E+3,
539.00,1.86339490E+3,
540.00,2.04064795E+3,
541.00,1.76178564E+3,
542.00,1.54022107E+3,
543.00,1.95185950E+3,
544.00,1.48170471E+3,
545.00,1.75592810E+3,
546.00,1.80965613E+3,
547.00,1.91522400E+3,
548.00,1.85728210E+3,
549.00,1.86810266E+3,
550.00,2.05885742E+3,
551.00,1.80743701E+3,
552.00,1.93544116E+3,
553.00,2.48525732E+3,
554.00,2.12211353E+3,
555.00,2.38729468E+3,
556.00,2.14075415E+3,
557.00,2.10008691E+3,
558.00,2.25312085E+3,
559.00,1.85398462E+3,
560.00,2.21879761E+3,
561.00,2.35203735E+3,
562.00,2.50491675E+3,
563.00,2.56561694E+3,
564.00,2.24831470E+3,
565.00,2.50714331E+3,
566.00,2.65551514E+3,
567.00,3.05332739E+3,
568.00,2.78163184E+3,
569.00,2.73055322E+3,
570.00,2.85281226E+3,
571.00,2.48794238E+3,
572.00,3.13079346E+3,
573.00,2.66730811E+3,
574.00,2.73313574E+3,
575.00,3.22287891E+3,
576.00,3.02890112E+3,
577.00,3.38175562E+3,
578.00,3.05349194E+3,
579.00,3.40140869E+3,
580.00,3.33743701E+3,
581.00,3.34550659E+3,
582.00,3.42501953E+3,
583.00,3.35808984E+3,
584.00,3.83910449E+3,
585.00,3.86192749E+3,
586.00,4.08416602E+3,
587.00,3.58822241E+3,
588.00,3.57146313E+3,
589.00,3.64503467E+3,
590.00,3.51561206E+3,
591.00,3.85548560E+3,
592.00,4.14520410E+3,
593.00,3.95896973E+3,
594.00,4.20832520E+3,
595.00,4.29431689E+3,
596.00,3.91224951E+3,
597.00,4.35587598E+3,
598.00,3.90606714E+3,
599.00,3.97245483E+3,
600.00,4.24302490E+3,
601.00,4.29028564E+3,
602.00,4.38610791E+3,
603.00,4.59228271E+3,
604.00,4.43949121E+3,
605.00,4.25388330E+3,
606.00,4.38771143E+3,
607.00,4.65567676E+3,
608.00,3.97915869E+3,
609.00,4.90616064E+3,
610.00,4.34064551E+3,
611.00,4.84388037E+3,
612.00,4.25419824E+3,
613.00,4.52300732E+3,
614.00,4.50237158E+3,
615.00,4.66717529E+3,
616.00,4.65331836E+3,
617.00,4.72232568E+3,
618.00,4.25884961E+3,
619.00,4.76668701E+3,
620.00,4.90103662E+3,
621.00,4.82654834E+3,
622.00,4.62662354E+3,
623.00,4.37901514E+3,
624.00,4.40229736E+3,
625.00,5.17655469E+3,
626.00,5.24937256E+3,
627.00,4.11132959E+3,
628.00,4.56027051E+3,
629.00,4.64763623E+3,
630.00,5.32783105E+3,
631.00,5.45588965E+3,
632.00,5.11511279E+3,
633.00,4.82137354E+3,
634.00,5.06977686E+3,
635.00,4.67975879E+3,
636.00,4.68414551E+3,
637.00,4.88571240E+3,
638.00,4.28104248E+3,
639.00,5.00823779E+3,
640.00,4.28994434E+3,
641.00,4.89162256E+3,
642.00,4.91843848E+3,
643.00,4.63553271E+3,
644.00,3.94998608E+3,
645.00,4.93834082E+3,
646.00,4.88143945E+3,
647.00,4.37418262E+3,
648.00,4.24622461E+3,
649.00,5.07928662E+3,
650.00,4.63288525E+3,
651.00,3.92907520E+3,
652.00,4.58029639E+3,
653.00,4.92973828E+3,
654.00,3.98702222E+3,
655.00,4.33790283E+3,
656.00,3.75092554E+3,
657.00,4.35919238E+3,
658.00,4.24258447E+3,
659.00,3.26726392E+3,
660.00,3.74692017E+3,
661.00,3.40047119E+3,
662.00,4.23660107E+3,
663.00,3.75712256E+3,
664.00,3.77010596E+3,
665.00,3.76790381E+3,
666.00,3.63573364E+3,
667.00,3.49662891E+3,
668.00,3.77332544E+3,
669.00,3.63283276E+3,
670.00,4.46351758E+3,
671.00,3.88383228E+3,
672.00,3.04658447E+3,
673.00,3.55617285E+3,
674.00,2.18744775E+3,
675.00,3.57728516E+3,
676.00,2.91668530E+3,
677.00,2.45329565E+3,
678.00,3.57466748E+3,
679.00,3.24612061E+3,
680.00,2.09647974E+3,
681.00,2.81411646E+3,
682.00,3.23626904E+3,
683.00,3.25192993E+3,
684.00,2.25463306E+3,
685.00,2.16028027E+3,
686.00,2.42000879E+3,
687.00,2.76636011E+3,
688.00,2.69551563E+3,
689.00,2.34090381E+3,
690.00,1.77498315E+3,
691.00,2.38029541E+3,
692.00,2.54158130E+3,
693.00,2.05616504E+3,
694.00,2.37145361E+3,
695.00,2.05848145E+3,
696.00,1.61894629E+3,
697.00,1.79232031E+3,
698.00,1.85971008E+3,
699.00,2.19523511E+3,
700.00,2.71554517E+3,
701.00,2.16305566E+3,
702.00,2.28784619E+3,
703.00,1.39798682E+3,
704.00,1.74507361E+3,
705.00,1.41018689E+3,
706.00,1.74610327E+3,
707.00,1.61659436E+3,
708.00,1.28035120E+3,
709.00,1.21422998E+3,
710.00,2.22733740E+3,
711.00,1.31668628E+3,
712.00,1.79228369E+3,
713.00,1.55547473E+3,
714.00,1.60700452E+3,
715.00,1.55528223E+3,
716.00,1.33089648E+3,
717.00,3.22020447E+2,
718.00,1.37823804E+3,
719.00,1.71181323E+3,
720.00,1.50842407E+3,
721.00,1.68425061E+3,
722.00,1.20906555E+3,
723.00,1.27962756E+3,
724.00,1.34115613E+3,
725.00,1.59349963E+3,
726.00,1.61972888E+3,
727.00,1.10610938E+3,
728.00,1.10289136E+3,
729.00,6.95363281E+2,
730.00,1.26783789E+3,
731.00,1.42111804E+3,
732.00,1.03129370E+3,
733.00,1.29443555E+3,
734.00,1.84591284E+3,
735.00,5.35814087E+2,
736.00,4.80558716E+2,
737.00,7.63899414E+2,
738.00,1.58738062E+3,
739.00,-3.63491943E+2,
740.00,1.19750134E+3,
741.00,1.08584082E+3,
742.00,7.87260376E+2,
743.00,5.35705261E+2,
744.00,1.18166394E+3,
745.00,1.30062830E+3,
746.00,1.23148315E+3,
747.00,6.43983887E+2,
748.00,5.96359375E+2,
749.00,8.55281738E+2,
750.00,7.71668213E+2,
751.00,1.36378748E+3,
752.00,1.91692969E+3,
753.00,1.57549548E+3,
754.00,1.95506433E+3,
755.00,5.51398193E+2,
756.00,1.10511267E+3,
757.00,2.43710571E+2,
758.00,1.64137561E+3,
759.00,1.86089221E+3,
760.00,1.41029068E+2,
761.00,1.32573926E+3,
762.00,4.67957306E+2,
763.00,7.47594238E+2,
764.00,2.18462387E+2,
765.00,8.06254578E+2,
766.00,1.23918152E+3,
767.00,7.28614014E+2,
768.00,1.65000623E+3,
769.00,1.36654675E+3,
770.00,1.11522498E+3,
771.00,1.35541772E+3,
772.00,2.11305634E+2,
773.00,1.65782837E+3,
774.00,1.52696631E+3,
775.00,2.37158301E+3,
776.00,1.53471069E+3,
777.00,7.76118652E+2,
778.00,8.68336182E+2,
779.00,2.24579053E+3,
780.00,2.18465332E+3,
